<Anims>
 <anim name="buff_activate" root="status_abigail" numframes="350" framerate="40">
  <frame idx="0" w="58" h="13" x="-30.152624" y="12.569724">
   <element name="buff_icon" layername="buff_icon" frame="0" z_index="8" m_a="-0.111100" m_b="0.390277" m_c="0.344842" m_d="0.098166" m_tx="-15.500100" m_ty="17.049999"/>
   <element name="rope" layername="rope" frame="1" z_index="9" m_a="0.188366" m_b="0.737484" m_c="-0.466363" m_d="0.119117" m_tx="-15.450000" m_ty="17.299999"/>
  </frame>
  <frame idx="25" w="57" h="18" x="-28.990011" y="12.338622">
   <element name="buff_icon" layername="buff_icon" frame="0" z_index="8" m_a="0.042848" m_b="0.431544" m_c="0.422953" m_d="-0.041995" m_tx="-18.866497" m_ty="16.003675"/>
   <element name="rope" layername="rope" frame="1" z_index="9" m_a="0.290469" m_b="0.684861" m_c="-0.564511" m_d="0.239425" m_tx="-15.836030" m_ty="17.722794"/>
  </frame>
  <frame idx="50" w="63" h="31" x="-27.941227" y="10.496250">
   <element name="buff_icon" layername="buff_icon" frame="0" z_index="7" m_a="0.171888" m_b="0.421322" m_c="0.440724" m_d="-0.179804" m_tx="-21.446497" m_ty="15.201788"/>
   <element name="rope" layername="rope" frame="1" z_index="8" m_a="0.382817" m_b="0.617261" m_c="-0.635329" m_d="0.394023" m_tx="-16.229546" m_ty="18.153788"/>
   <element name="rope" layername="rope" frame="1" z_index="9" m_a="0.759258" m_b="0.569890" m_c="-0.281831" m_d="0.375481" m_tx="-18.659092" m_ty="16.537878"/>
  </frame>
  <frame idx="75" w="68" h="46" x="-29.715483" y="7.907650">
   <element name="buff_icon" layername="buff_icon" frame="0" z_index="7" m_a="0.345172" m_b="0.322037" m_c="0.343131" m_d="-0.367782" m_tx="-24.209167" m_ty="15.162122"/>
   <element name="rope" layername="rope" frame="1" z_index="8" m_a="0.463691" m_b="0.596264" m_c="-0.663069" m_d="0.515642" m_tx="-16.507200" m_ty="18.450001"/>
   <element name="rope" layername="rope" frame="1" z_index="9" m_a="0.759859" m_b="0.457359" m_c="-0.348504" m_d="0.579007" m_tx="-19.454546" m_ty="16.518940"/>
  </frame>
  <frame idx="100" w="76" h="57" x="-33.014816" y="5.768581">
   <element name="buff_icon" layername="buff_icon" frame="0" z_index="7" m_a="0.485543" m_b="-0.045615" m_c="-0.046548" m_d="-0.495474" m_tx="-28.299999" m_ty="16.450001"/>
   <element name="rope" layername="rope" frame="1" z_index="8" m_a="0.542506" m_b="0.697632" m_c="-0.663076" m_d="0.515634" m_tx="-16.529699" m_ty="18.450001"/>
   <element name="rope" layername="rope" frame="1" z_index="9" m_a="0.745990" m_b="0.350973" m_c="-0.375531" m_d="0.798188" m_tx="-20.250000" m_ty="16.500000"/>
  </frame>
  <frame idx="125" w="98" h="79" x="-39.002052" y="-0.615730">
   <element name="buff_icon" layername="buff_icon" frame="0" z_index="7" m_a="0.588533" m_b="-0.376501" m_c="-0.384985" m_d="-0.601796" m_tx="-26.682354" m_ty="20.567646"/>
   <element name="rope" layername="rope" frame="1" z_index="8" m_a="0.582099" m_b="0.748547" m_c="-0.663076" m_d="0.515634" m_tx="-16.540951" m_ty="18.450001"/>
   <element name="rope" layername="rope" frame="1" z_index="9" m_a="0.811072" m_b="0.381593" m_c="-0.375531" m_d="0.798188" m_tx="-20.250000" m_ty="16.521837"/>
  </frame>
  <frame idx="150" w="113" h="85" x="-43.044312" y="-2.224724">
   <element name="buff_icon" layername="buff_icon" frame="0" z_index="7" m_a="0.507403" m_b="-0.599508" m_c="-0.613617" m_d="-0.519344" m_tx="-25.849091" m_ty="22.339115"/>
   <element name="rope" layername="rope" frame="1" z_index="8" m_a="0.604840" m_b="0.777790" m_c="-0.663076" m_d="0.515634" m_tx="-16.547424" m_ty="18.450001"/>
   <element name="rope" layername="rope" frame="1" z_index="9" m_a="0.856711" m_b="0.403065" m_c="-0.375531" m_d="0.798188" m_tx="-20.250000" m_ty="16.537117"/>
  </frame>
  <frame idx="175" w="124" h="79" x="-46.105545" y="-0.124146">
   <element name="buff_icon" layername="buff_icon" frame="0" z_index="7" m_a="0.276246" m_b="-0.767268" m_c="-0.786390" m_d="-0.283131" m_tx="-25.150379" m_ty="23.144167"/>
   <element name="rope" layername="rope" frame="1" z_index="8" m_a="0.613857" m_b="0.789386" m_c="-0.663076" m_d="0.515634" m_tx="-16.549999" m_ty="18.450001"/>
   <element name="rope" layername="rope" frame="1" z_index="9" m_a="0.883918" m_b="0.415865" m_c="-0.375531" m_d="0.798188" m_tx="-20.250000" m_ty="16.546211"/>
  </frame>
  <frame idx="200" w="146" h="60" x="-52.460758" y="5.496061">
   <element name="buff_icon" layername="buff_icon" frame="0" z_index="7" m_a="-0.294574" m_b="-0.822441" m_c="-0.844923" m_d="0.302626" m_tx="-23.799999" m_ty="24.700001"/>
   <element name="rope" layername="rope" frame="1" z_index="8" m_a="0.613857" m_b="0.789386" m_c="-0.663076" m_d="0.515634" m_tx="-16.549999" m_ty="18.450001"/>
   <element name="rope" layername="rope" frame="1" z_index="9" m_a="0.895199" m_b="0.421173" m_c="-0.375531" m_d="0.798188" m_tx="-20.250000" m_ty="16.549999"/>
  </frame>
  <frame idx="225" w="92" h="17" x="-36.399185" y="32.029655">
   <element name="buff_icon" layername="buff_icon" frame="0" z_index="7" m_a="0.465881" m_b="0.192350" m_c="-0.379890" m_d="0.920113" m_tx="-22.991177" m_ty="24.920588"/>
   <element name="rope" layername="rope" frame="1" z_index="8" m_a="0.613857" m_b="0.789386" m_c="-0.663076" m_d="0.515634" m_tx="-16.549999" m_ty="18.450001"/>
   <element name="rope" layername="rope" frame="1" z_index="9" m_a="0.895199" m_b="0.421173" m_c="-0.375531" m_d="0.798188" m_tx="-20.250000" m_ty="16.549999"/>
  </frame>
  <frame idx="250" w="80" h="18" x="-26.310957" y="32.792732">
   <element name="buff_icon" layername="buff_icon" frame="0" z_index="7" m_a="0.991646" m_b="0.128808" m_c="-0.131851" m_d="1.015075" m_tx="-22.700001" m_ty="25.000000"/>
   <element name="rope" layername="rope" frame="1" z_index="8" m_a="0.613857" m_b="0.789386" m_c="-0.663076" m_d="0.515634" m_tx="-16.549999" m_ty="18.450001"/>
   <element name="rope" layername="rope" frame="1" z_index="9" m_a="0.895199" m_b="0.421173" m_c="-0.375531" m_d="0.798188" m_tx="-20.250000" m_ty="16.549999"/>
  </frame>
  <frame idx="275" w="83" h="18" x="-27.554630" y="33.455589">
   <element name="buff_icon" layername="buff_icon" frame="0" z_index="7" m_a="0.983497" m_b="0.180810" m_c="-0.183313" m_d="0.997114" m_tx="-22.700001" m_ty="25.000000"/>
   <element name="rope" layername="rope" frame="1" z_index="8" m_a="0.613857" m_b="0.789386" m_c="-0.663076" m_d="0.515634" m_tx="-16.549999" m_ty="18.450001"/>
   <element name="rope" layername="rope" frame="1" z_index="9" m_a="0.895199" m_b="0.421173" m_c="-0.375531" m_d="0.798188" m_tx="-20.250000" m_ty="16.549999"/>
  </frame>
  <frame idx="300" w="85" h="19" x="-28.448698" y="33.885941">
   <element name="buff_icon" layername="buff_icon" frame="0" z_index="7" m_a="0.976081" m_b="0.217321" m_c="-0.218825" m_d="0.982834" m_tx="-22.700001" m_ty="25.000000"/>
   <element name="rope" layername="rope" frame="1" z_index="8" m_a="0.613857" m_b="0.789386" m_c="-0.663076" m_d="0.515634" m_tx="-16.549999" m_ty="18.450001"/>
   <element name="rope" layername="rope" frame="1" z_index="9" m_a="0.895199" m_b="0.421173" m_c="-0.375531" m_d="0.798188" m_tx="-20.250000" m_ty="16.549999"/>
  </frame>
  <frame idx="325" w="86" h="19" x="-28.945526" y="34.109261">
   <element name="buff_icon" layername="buff_icon" frame="0" z_index="7" m_a="0.971417" m_b="0.237304" m_c="-0.238042" m_d="0.974437" m_tx="-22.700001" m_ty="25.000000"/>
   <element name="rope" layername="rope" frame="1" z_index="8" m_a="0.613857" m_b="0.789386" m_c="-0.663076" m_d="0.515634" m_tx="-16.549999" m_ty="18.450001"/>
   <element name="rope" layername="rope" frame="1" z_index="9" m_a="0.895199" m_b="0.421173" m_c="-0.375531" m_d="0.798188" m_tx="-20.250000" m_ty="16.549999"/>
  </frame>
 </anim>
 <anim name="buff_deactivate" root="status_abigail" numframes="250" framerate="40">
  <frame idx="0" w="87" h="19" x="-29.352591" y="34.283928">
   <element name="buff_icon" layername="buff_icon" frame="0" z_index="7" m_a="0.967313" m_b="0.253517" m_c="-0.253517" m_d="0.967313" m_tx="-22.700001" m_ty="25.000000"/>
   <element name="rope" layername="rope" frame="1" z_index="8" m_a="0.613857" m_b="0.789386" m_c="-0.663076" m_d="0.515634" m_tx="-16.549999" m_ty="18.450001"/>
   <element name="rope" layername="rope" frame="1" z_index="9" m_a="0.895199" m_b="0.421173" m_c="-0.375531" m_d="0.798188" m_tx="-20.250000" m_ty="16.549999"/>
  </frame>
  <frame idx="25" w="91" h="20" x="-31.455187" y="33.853409">
   <element name="buff_icon" layername="buff_icon" frame="0" z_index="7" m_a="0.929346" m_b="0.315231" m_c="-0.316301" m_d="0.932502" m_tx="-22.724779" m_ty="23.916250"/>
   <element name="rope" layername="rope" frame="1" z_index="8" m_a="0.591413" m_b="0.779508" m_c="-0.649557" m_d="0.492820" m_tx="-16.568676" m_ty="18.416838"/>
   <element name="rope" layername="rope" frame="1" z_index="9" m_a="0.895199" m_b="0.421173" m_c="-0.375531" m_d="0.798188" m_tx="-20.250000" m_ty="16.549999"/>
  </frame>
  <frame idx="50" w="98" h="25" x="-36.954308" y="31.547274">
   <element name="buff_icon" layername="buff_icon" frame="0" z_index="7" m_a="0.812295" m_b="0.457638" m_c="-0.463577" m_d="0.822836" m_tx="-22.790089" m_ty="21.064960"/>
   <element name="rope" layername="rope" frame="1" z_index="8" m_a="0.540330" m_b="0.754847" m_c="-0.616305" m_d="0.441159" m_tx="-16.612200" m_ty="18.339495"/>
   <element name="rope" layername="rope" frame="1" z_index="9" m_a="0.895199" m_b="0.421173" m_c="-0.375531" m_d="0.798188" m_tx="-20.250000" m_ty="16.549999"/>
  </frame>
  <frame idx="75" w="112" h="27" x="-42.287506" y="26.612970">
   <element name="buff_icon" layername="buff_icon" frame="0" z_index="7" m_a="0.545900" m_b="0.656823" m_c="-0.676817" m_d="0.562518" m_tx="-22.171211" m_ty="17.613636"/>
   <element name="rope" layername="rope" frame="1" z_index="8" m_a="0.460403" m_b="0.709558" m_c="-0.556620" m_d="0.361167" m_tx="-16.683712" m_ty="18.212353"/>
   <element name="rope" layername="rope" frame="1" z_index="9" m_a="0.886577" m_b="0.422443" m_c="-0.375848" m_d="0.788789" m_tx="-20.237709" m_ty="16.526072"/>
  </frame>
  <frame idx="100" w="116" h="20" x="-43.823723" y="15.992685">
   <element name="buff_icon" layername="buff_icon" frame="0" z_index="7" m_a="0.066078" m_b="0.747010" m_c="-0.791150" m_d="0.069982" m_tx="-20.049999" m_ty="15.000000"/>
   <element name="rope" layername="rope" frame="1" z_index="8" m_a="0.356398" m_b="0.635925" m_c="-0.462136" m_d="0.258999" m_tx="-16.785000" m_ty="18.032200"/>
   <element name="rope" layername="rope" frame="1" z_index="9" m_a="0.859697" m_b="0.425934" m_c="-0.376306" m_d="0.759527" m_tx="-20.199301" m_ty="16.451300"/>
  </frame>
  <frame idx="125" w="134" h="60" x="-49.981419" y="2.843924">
   <element name="buff_icon" layername="buff_icon" frame="0" z_index="7" m_a="-0.550091" m_b="0.509676" m_c="-0.539781" m_d="-0.582583" m_tx="-19.792648" m_ty="15.220589"/>
   <element name="rope" layername="rope" frame="1" z_index="8" m_a="0.217873" m_b="0.501470" m_c="-0.294562" m_d="0.127978" m_tx="-16.943089" m_ty="17.751171"/>
   <element name="rope" layername="rope" frame="1" z_index="9" m_a="0.782308" m_b="0.431990" m_c="-0.373085" m_d="0.675634" m_tx="-20.087683" m_ty="16.234314"/>
  </frame>
  <frame idx="150" w="109" h="62" x="-42.856071" y="1.488340">
   <element name="buff_icon" layername="buff_icon" frame="0" z_index="7" m_a="-0.665513" m_b="0.087198" m_c="-0.083791" m_d="-0.639512" m_tx="-19.675758" m_ty="15.651515"/>
   <element name="rope" layername="rope" frame="1" z_index="8" m_a="0.358947" m_b="0.472300" m_c="-0.318125" m_d="0.241774" m_tx="-18.347830" m_ty="16.673515"/>
   <element name="rope" layername="rope" frame="1" z_index="9" m_a="0.754741" m_b="0.432700" m_c="-0.370289" m_d="0.645882" m_tx="-20.047501" m_ty="16.156200"/>
  </frame>
  <frame idx="175" w="94" h="55" x="-38.091240" y="3.679146">
   <element name="buff_icon" layername="buff_icon" frame="0" z_index="8" m_a="-0.520232" m_b="-0.172932" m_c="0.129906" m_d="-0.390798" m_tx="-19.637878" m_ty="16.200758"/>
   <element name="rope" layername="rope" frame="1" z_index="9" m_a="0.510615" m_b="0.403614" m_c="-0.305003" m_d="0.385862" m_tx="-19.675682" m_ty="15.433333"/>
   <element name="rope" layername="rope" frame="1" z_index="9" m_a="0.765837" m_b="0.432506" m_c="-0.371520" m_d="0.657848" m_tx="-20.063700" m_ty="16.187704"/>
  </frame>
  <frame idx="200" w="80" h="46" x="-33.507328" y="7.468674">
   <element name="buff_icon" layername="buff_icon" frame="0" z_index="8" m_a="-0.304659" m_b="-0.296671" m_c="0.124649" m_d="-0.128005" m_tx="-19.600000" m_ty="16.750000"/>
   <element name="rope" layername="rope" frame="1" z_index="9" m_a="0.320121" m_b="0.328843" m_c="-0.193845" m_d="0.188704" m_tx="-19.350000" m_ty="14.800000"/>
   <element name="rope" layername="rope" frame="1" z_index="9" m_a="0.800689" m_b="0.431092" m_c="-0.374465" m_d="0.695512" m_tx="-20.114325" m_ty="16.286154"/>
  </frame>
  <frame idx="225" w="80" h="46" x="-33.251865" y="7.934128">
   <element name="buff_icon" layername="buff_icon" frame="0" z_index="8" m_a="-0.304659" m_b="-0.296671" m_c="0.124649" m_d="-0.128005" m_tx="-19.600000" m_ty="16.750000"/>
   <element name="rope" layername="rope" frame="1" z_index="9" m_a="0.320121" m_b="0.328843" m_c="-0.193845" m_d="0.188704" m_tx="-19.350000" m_ty="14.800000"/>
   <element name="rope" layername="rope" frame="1" z_index="9" m_a="0.835786" m_b="0.428440" m_c="-0.376032" m_d="0.733550" m_tx="-20.164949" m_ty="16.384604"/>
  </frame>
 </anim>
 <anim name="buff_idle" root="status_abigail" numframes="50" framerate="40">
  <frame idx="0" w="87" h="19" x="-29.352591" y="34.283928">
   <element name="buff_icon" layername="buff_icon" frame="0" z_index="7" m_a="0.967313" m_b="0.253517" m_c="-0.253517" m_d="0.967313" m_tx="-22.700001" m_ty="25.000000"/>
   <element name="rope" layername="rope" frame="1" z_index="8" m_a="0.613857" m_b="0.789386" m_c="-0.663076" m_d="0.515634" m_tx="-16.549999" m_ty="18.450001"/>
   <element name="rope" layername="rope" frame="1" z_index="9" m_a="0.895199" m_b="0.421173" m_c="-0.375531" m_d="0.798188" m_tx="-20.250000" m_ty="16.549999"/>
  </frame>
  <frame idx="25" w="87" h="19" x="-29.352591" y="34.283928">
   <element name="buff_icon" layername="buff_icon" frame="0" z_index="7" m_a="0.967313" m_b="0.253517" m_c="-0.253517" m_d="0.967313" m_tx="-22.700001" m_ty="25.000000"/>
   <element name="rope" layername="rope" frame="1" z_index="8" m_a="0.613857" m_b="0.789386" m_c="-0.663076" m_d="0.515634" m_tx="-16.549999" m_ty="18.450001"/>
   <element name="rope" layername="rope" frame="1" z_index="9" m_a="0.895199" m_b="0.421173" m_c="-0.375531" m_d="0.798188" m_tx="-20.250000" m_ty="16.549999"/>
  </frame>
 </anim>
</Anims>
