<Anims>
 <anim name="mywd_moon" root="mywd_ghostly_elixirs" numframes="1000" framerate="40">
  <frame idx="0" w="567" h="949" x="-299.280060" y="-665.537598">
   <element name="ghostly_elixirs_comp" layername="ghostly_elixirs_comp-6" frame="1" z_index="2" m_a="0.275737" m_b="0.000000" m_c="0.000000" m_d="0.250451" m_tx="1.000000" m_ty="-2.287656"/>
  </frame>
  <frame idx="25" w="567" h="949" x="-299.280060" y="-665.537598">
   <element name="ghostly_elixirs_comp" layername="ghostly_elixirs_comp-6" frame="1" z_index="2" m_a="0.275737" m_b="0.000000" m_c="0.000000" m_d="0.250451" m_tx="1.000000" m_ty="-2.287656"/>
  </frame>
  <frame idx="50" w="567" h="949" x="-299.280060" y="-665.537598">
   <element name="ghostly_elixirs_comp" layername="ghostly_elixirs_comp-6" frame="1" z_index="2" m_a="0.275737" m_b="0.000000" m_c="0.000000" m_d="0.250451" m_tx="1.000000" m_ty="-2.287656"/>
  </frame>
  <frame idx="75" w="567" h="949" x="-299.280060" y="-665.537598">
   <element name="ghostly_elixirs_comp" layername="ghostly_elixirs_comp-6" frame="1" z_index="2" m_a="0.275737" m_b="0.000000" m_c="0.000000" m_d="0.250451" m_tx="1.000000" m_ty="-2.287656"/>
  </frame>
  <frame idx="100" w="567" h="949" x="-299.280060" y="-665.537598">
   <element name="ghostly_elixirs_comp" layername="ghostly_elixirs_comp-6" frame="1" z_index="2" m_a="0.275737" m_b="0.000000" m_c="0.000000" m_d="0.250451" m_tx="1.000000" m_ty="-2.287656"/>
  </frame>
  <frame idx="125" w="567" h="949" x="-299.280060" y="-665.537598">
   <element name="ghostly_elixirs_comp" layername="ghostly_elixirs_comp-6" frame="1" z_index="2" m_a="0.275737" m_b="0.000000" m_c="0.000000" m_d="0.250451" m_tx="1.000000" m_ty="-2.287656"/>
  </frame>
  <frame idx="150" w="567" h="949" x="-299.280060" y="-665.537598">
   <element name="ghostly_elixirs_comp" layername="ghostly_elixirs_comp-6" frame="1" z_index="2" m_a="0.275737" m_b="0.000000" m_c="0.000000" m_d="0.250451" m_tx="1.000000" m_ty="-2.287656"/>
  </frame>
  <frame idx="175" w="567" h="949" x="-299.280060" y="-665.537598">
   <element name="ghostly_elixirs_comp" layername="ghostly_elixirs_comp-6" frame="1" z_index="2" m_a="0.275737" m_b="0.000000" m_c="0.000000" m_d="0.250451" m_tx="1.000000" m_ty="-2.287656"/>
  </frame>
  <frame idx="200" w="567" h="949" x="-299.280060" y="-665.537598">
   <element name="ghostly_elixirs_comp" layername="ghostly_elixirs_comp-6" frame="1" z_index="2" m_a="0.275737" m_b="0.000000" m_c="0.000000" m_d="0.250451" m_tx="1.000000" m_ty="-2.287656"/>
  </frame>
  <frame idx="225" w="567" h="949" x="-299.280060" y="-665.537598">
   <element name="ghostly_elixirs_comp" layername="ghostly_elixirs_comp-6" frame="1" z_index="2" m_a="0.275737" m_b="0.000000" m_c="0.000000" m_d="0.250451" m_tx="1.000000" m_ty="-2.287656"/>
  </frame>
  <frame idx="250" w="567" h="949" x="-299.280060" y="-665.537598">
   <element name="ghostly_elixirs_comp" layername="ghostly_elixirs_comp-6" frame="1" z_index="2" m_a="0.275737" m_b="0.000000" m_c="0.000000" m_d="0.250451" m_tx="1.000000" m_ty="-2.287656"/>
  </frame>
  <frame idx="275" w="567" h="949" x="-299.280060" y="-665.537598">
   <element name="ghostly_elixirs_comp" layername="ghostly_elixirs_comp-6" frame="1" z_index="2" m_a="0.275737" m_b="0.000000" m_c="0.000000" m_d="0.250451" m_tx="1.000000" m_ty="-2.287656"/>
  </frame>
  <frame idx="300" w="567" h="949" x="-299.280060" y="-665.537598">
   <element name="ghostly_elixirs_comp" layername="ghostly_elixirs_comp-6" frame="1" z_index="2" m_a="0.275737" m_b="0.000000" m_c="0.000000" m_d="0.250451" m_tx="1.000000" m_ty="-2.287656"/>
  </frame>
  <frame idx="325" w="567" h="949" x="-299.280060" y="-665.537598">
   <element name="ghostly_elixirs_comp" layername="ghostly_elixirs_comp-6" frame="1" z_index="2" m_a="0.275737" m_b="0.000000" m_c="0.000000" m_d="0.250451" m_tx="1.000000" m_ty="-2.287656"/>
  </frame>
  <frame idx="350" w="567" h="949" x="-299.280060" y="-665.537598">
   <element name="ghostly_elixirs_comp" layername="ghostly_elixirs_comp-6" frame="1" z_index="2" m_a="0.275737" m_b="0.000000" m_c="0.000000" m_d="0.250451" m_tx="1.000000" m_ty="-2.287656"/>
  </frame>
  <frame idx="375" w="567" h="949" x="-299.280060" y="-665.537598">
   <element name="ghostly_elixirs_comp" layername="ghostly_elixirs_comp-6" frame="1" z_index="2" m_a="0.275737" m_b="0.000000" m_c="0.000000" m_d="0.250451" m_tx="1.000000" m_ty="-2.287656"/>
  </frame>
  <frame idx="400" w="567" h="949" x="-299.280060" y="-665.537598">
   <element name="ghostly_elixirs_comp" layername="ghostly_elixirs_comp-6" frame="1" z_index="2" m_a="0.275737" m_b="0.000000" m_c="0.000000" m_d="0.250451" m_tx="1.000000" m_ty="-2.287656"/>
  </frame>
  <frame idx="425" w="567" h="949" x="-299.280060" y="-665.537598">
   <element name="ghostly_elixirs_comp" layername="ghostly_elixirs_comp-6" frame="1" z_index="2" m_a="0.275737" m_b="0.000000" m_c="0.000000" m_d="0.250451" m_tx="1.000000" m_ty="-2.287656"/>
  </frame>
  <frame idx="450" w="567" h="949" x="-299.280060" y="-665.537598">
   <element name="ghostly_elixirs_comp" layername="ghostly_elixirs_comp-6" frame="1" z_index="2" m_a="0.275737" m_b="0.000000" m_c="0.000000" m_d="0.250451" m_tx="1.000000" m_ty="-2.287656"/>
  </frame>
  <frame idx="475" w="567" h="949" x="-299.280060" y="-665.537598">
   <element name="ghostly_elixirs_comp" layername="ghostly_elixirs_comp-6" frame="1" z_index="2" m_a="0.275737" m_b="0.000000" m_c="0.000000" m_d="0.250451" m_tx="1.000000" m_ty="-2.287656"/>
  </frame>
  <frame idx="500" w="567" h="949" x="-299.280060" y="-665.537598">
   <element name="ghostly_elixirs_comp" layername="ghostly_elixirs_comp-6" frame="1" z_index="2" m_a="0.275737" m_b="0.000000" m_c="0.000000" m_d="0.250451" m_tx="1.000000" m_ty="-2.287656"/>
  </frame>
  <frame idx="525" w="567" h="949" x="-299.280060" y="-665.537598">
   <element name="ghostly_elixirs_comp" layername="ghostly_elixirs_comp-6" frame="1" z_index="2" m_a="0.275737" m_b="0.000000" m_c="0.000000" m_d="0.250451" m_tx="1.000000" m_ty="-2.287656"/>
  </frame>
  <frame idx="550" w="567" h="949" x="-299.280060" y="-665.537598">
   <element name="ghostly_elixirs_comp" layername="ghostly_elixirs_comp-6" frame="1" z_index="2" m_a="0.275737" m_b="0.000000" m_c="0.000000" m_d="0.250451" m_tx="1.000000" m_ty="-2.287656"/>
  </frame>
  <frame idx="575" w="567" h="949" x="-299.280060" y="-665.537598">
   <element name="ghostly_elixirs_comp" layername="ghostly_elixirs_comp-6" frame="1" z_index="2" m_a="0.275737" m_b="0.000000" m_c="0.000000" m_d="0.250451" m_tx="1.000000" m_ty="-2.287656"/>
  </frame>
  <frame idx="600" w="567" h="949" x="-299.280060" y="-665.537598">
   <element name="ghostly_elixirs_comp" layername="ghostly_elixirs_comp-6" frame="1" z_index="2" m_a="0.275737" m_b="0.000000" m_c="0.000000" m_d="0.250451" m_tx="1.000000" m_ty="-2.287656"/>
  </frame>
  <frame idx="625" w="567" h="949" x="-299.280060" y="-665.537598">
   <element name="ghostly_elixirs_comp" layername="ghostly_elixirs_comp-6" frame="1" z_index="2" m_a="0.275737" m_b="0.000000" m_c="0.000000" m_d="0.250451" m_tx="1.000000" m_ty="-2.287656"/>
  </frame>
  <frame idx="650" w="567" h="949" x="-299.280060" y="-665.537598">
   <element name="ghostly_elixirs_comp" layername="ghostly_elixirs_comp-6" frame="1" z_index="2" m_a="0.275737" m_b="0.000000" m_c="0.000000" m_d="0.250451" m_tx="1.000000" m_ty="-2.287656"/>
  </frame>
  <frame idx="675" w="567" h="949" x="-299.280060" y="-665.537598">
   <element name="ghostly_elixirs_comp" layername="ghostly_elixirs_comp-6" frame="1" z_index="2" m_a="0.275737" m_b="0.000000" m_c="0.000000" m_d="0.250451" m_tx="1.000000" m_ty="-2.287656"/>
  </frame>
  <frame idx="700" w="567" h="949" x="-299.280060" y="-665.537598">
   <element name="ghostly_elixirs_comp" layername="ghostly_elixirs_comp-6" frame="1" z_index="2" m_a="0.275737" m_b="0.000000" m_c="0.000000" m_d="0.250451" m_tx="1.000000" m_ty="-2.287656"/>
  </frame>
  <frame idx="725" w="567" h="949" x="-299.280060" y="-665.537598">
   <element name="ghostly_elixirs_comp" layername="ghostly_elixirs_comp-6" frame="1" z_index="2" m_a="0.275737" m_b="0.000000" m_c="0.000000" m_d="0.250451" m_tx="1.000000" m_ty="-2.287656"/>
  </frame>
  <frame idx="750" w="567" h="949" x="-299.280060" y="-665.537598">
   <element name="ghostly_elixirs_comp" layername="ghostly_elixirs_comp-6" frame="1" z_index="2" m_a="0.275737" m_b="0.000000" m_c="0.000000" m_d="0.250451" m_tx="1.000000" m_ty="-2.287656"/>
  </frame>
  <frame idx="775" w="567" h="949" x="-299.280060" y="-665.537598">
   <element name="ghostly_elixirs_comp" layername="ghostly_elixirs_comp-6" frame="1" z_index="2" m_a="0.275737" m_b="0.000000" m_c="0.000000" m_d="0.250451" m_tx="1.000000" m_ty="-2.287656"/>
  </frame>
  <frame idx="800" w="567" h="949" x="-299.280060" y="-665.537598">
   <element name="ghostly_elixirs_comp" layername="ghostly_elixirs_comp-6" frame="1" z_index="2" m_a="0.275737" m_b="0.000000" m_c="0.000000" m_d="0.250451" m_tx="1.000000" m_ty="-2.287656"/>
  </frame>
  <frame idx="825" w="567" h="949" x="-299.280060" y="-665.537598">
   <element name="ghostly_elixirs_comp" layername="ghostly_elixirs_comp-6" frame="1" z_index="2" m_a="0.275737" m_b="0.000000" m_c="0.000000" m_d="0.250451" m_tx="1.000000" m_ty="-2.287656"/>
  </frame>
  <frame idx="850" w="567" h="949" x="-299.280060" y="-665.537598">
   <element name="ghostly_elixirs_comp" layername="ghostly_elixirs_comp-6" frame="1" z_index="2" m_a="0.275737" m_b="0.000000" m_c="0.000000" m_d="0.250451" m_tx="1.000000" m_ty="-2.287656"/>
  </frame>
  <frame idx="875" w="567" h="949" x="-299.280060" y="-665.537598">
   <element name="ghostly_elixirs_comp" layername="ghostly_elixirs_comp-6" frame="1" z_index="2" m_a="0.275737" m_b="0.000000" m_c="0.000000" m_d="0.250451" m_tx="1.000000" m_ty="-2.287656"/>
  </frame>
  <frame idx="900" w="567" h="949" x="-299.280060" y="-665.537598">
   <element name="ghostly_elixirs_comp" layername="ghostly_elixirs_comp-6" frame="1" z_index="2" m_a="0.275737" m_b="0.000000" m_c="0.000000" m_d="0.250451" m_tx="1.000000" m_ty="-2.287656"/>
  </frame>
  <frame idx="925" w="567" h="949" x="-299.280060" y="-665.537598">
   <element name="ghostly_elixirs_comp" layername="ghostly_elixirs_comp-6" frame="1" z_index="2" m_a="0.275737" m_b="0.000000" m_c="0.000000" m_d="0.250451" m_tx="1.000000" m_ty="-2.287656"/>
  </frame>
  <frame idx="950" w="567" h="949" x="-299.280060" y="-665.537598">
   <element name="ghostly_elixirs_comp" layername="ghostly_elixirs_comp-6" frame="1" z_index="2" m_a="0.275737" m_b="0.000000" m_c="0.000000" m_d="0.250451" m_tx="1.000000" m_ty="-2.287656"/>
  </frame>
  <frame idx="975" w="567" h="949" x="-299.280060" y="-665.537598">
   <element name="ghostly_elixirs_comp" layername="ghostly_elixirs_comp-6" frame="1" z_index="2" m_a="0.275737" m_b="0.000000" m_c="0.000000" m_d="0.250451" m_tx="1.000000" m_ty="-2.287656"/>
  </frame>
 </anim>
 <anim name="mywd_shadow" root="mywd_ghostly_elixirs" numframes="1000" framerate="40">
  <frame idx="0" w="414" h="635" x="-172.145920" y="-373.383423">
   <element name="ghostly_elixirs_comp" layername="ghostly_elixirs_comp-7" frame="0" z_index="2" m_a="0.397654" m_b="0.000000" m_c="0.000000" m_d="0.397654" m_tx="-4.000000" m_ty="-10.000000"/>
  </frame>
  <frame idx="25" w="414" h="635" x="-172.145920" y="-373.383423">
   <element name="ghostly_elixirs_comp" layername="ghostly_elixirs_comp-7" frame="0" z_index="2" m_a="0.397654" m_b="0.000000" m_c="0.000000" m_d="0.397654" m_tx="-4.000000" m_ty="-10.000000"/>
  </frame>
  <frame idx="50" w="414" h="635" x="-172.145920" y="-373.383423">
   <element name="ghostly_elixirs_comp" layername="ghostly_elixirs_comp-7" frame="0" z_index="2" m_a="0.397654" m_b="0.000000" m_c="0.000000" m_d="0.397654" m_tx="-4.000000" m_ty="-10.000000"/>
  </frame>
  <frame idx="75" w="414" h="635" x="-172.145920" y="-373.383423">
   <element name="ghostly_elixirs_comp" layername="ghostly_elixirs_comp-7" frame="0" z_index="2" m_a="0.397654" m_b="0.000000" m_c="0.000000" m_d="0.397654" m_tx="-4.000000" m_ty="-10.000000"/>
  </frame>
  <frame idx="100" w="414" h="635" x="-172.145920" y="-373.383423">
   <element name="ghostly_elixirs_comp" layername="ghostly_elixirs_comp-7" frame="0" z_index="2" m_a="0.397654" m_b="0.000000" m_c="0.000000" m_d="0.397654" m_tx="-4.000000" m_ty="-10.000000"/>
  </frame>
  <frame idx="125" w="414" h="635" x="-172.145920" y="-373.383423">
   <element name="ghostly_elixirs_comp" layername="ghostly_elixirs_comp-7" frame="0" z_index="2" m_a="0.397654" m_b="0.000000" m_c="0.000000" m_d="0.397654" m_tx="-4.000000" m_ty="-10.000000"/>
  </frame>
  <frame idx="150" w="414" h="635" x="-172.145920" y="-373.383423">
   <element name="ghostly_elixirs_comp" layername="ghostly_elixirs_comp-7" frame="0" z_index="2" m_a="0.397654" m_b="0.000000" m_c="0.000000" m_d="0.397654" m_tx="-4.000000" m_ty="-10.000000"/>
  </frame>
  <frame idx="175" w="414" h="635" x="-172.145920" y="-373.383423">
   <element name="ghostly_elixirs_comp" layername="ghostly_elixirs_comp-7" frame="0" z_index="2" m_a="0.397654" m_b="0.000000" m_c="0.000000" m_d="0.397654" m_tx="-4.000000" m_ty="-10.000000"/>
  </frame>
  <frame idx="200" w="414" h="635" x="-172.145920" y="-373.383423">
   <element name="ghostly_elixirs_comp" layername="ghostly_elixirs_comp-7" frame="0" z_index="2" m_a="0.397654" m_b="0.000000" m_c="0.000000" m_d="0.397654" m_tx="-4.000000" m_ty="-10.000000"/>
  </frame>
  <frame idx="225" w="414" h="635" x="-172.145920" y="-373.383423">
   <element name="ghostly_elixirs_comp" layername="ghostly_elixirs_comp-7" frame="0" z_index="2" m_a="0.397654" m_b="0.000000" m_c="0.000000" m_d="0.397654" m_tx="-4.000000" m_ty="-10.000000"/>
  </frame>
  <frame idx="250" w="414" h="635" x="-172.145920" y="-373.383423">
   <element name="ghostly_elixirs_comp" layername="ghostly_elixirs_comp-7" frame="0" z_index="2" m_a="0.397654" m_b="0.000000" m_c="0.000000" m_d="0.397654" m_tx="-4.000000" m_ty="-10.000000"/>
  </frame>
  <frame idx="275" w="414" h="635" x="-172.145920" y="-373.383423">
   <element name="ghostly_elixirs_comp" layername="ghostly_elixirs_comp-7" frame="0" z_index="2" m_a="0.397654" m_b="0.000000" m_c="0.000000" m_d="0.397654" m_tx="-4.000000" m_ty="-10.000000"/>
  </frame>
  <frame idx="300" w="414" h="635" x="-172.145920" y="-373.383423">
   <element name="ghostly_elixirs_comp" layername="ghostly_elixirs_comp-7" frame="0" z_index="2" m_a="0.397654" m_b="0.000000" m_c="0.000000" m_d="0.397654" m_tx="-4.000000" m_ty="-10.000000"/>
  </frame>
  <frame idx="325" w="414" h="635" x="-172.145920" y="-373.383423">
   <element name="ghostly_elixirs_comp" layername="ghostly_elixirs_comp-7" frame="0" z_index="2" m_a="0.397654" m_b="0.000000" m_c="0.000000" m_d="0.397654" m_tx="-4.000000" m_ty="-10.000000"/>
  </frame>
  <frame idx="350" w="414" h="635" x="-172.145920" y="-373.383423">
   <element name="ghostly_elixirs_comp" layername="ghostly_elixirs_comp-7" frame="0" z_index="2" m_a="0.397654" m_b="0.000000" m_c="0.000000" m_d="0.397654" m_tx="-4.000000" m_ty="-10.000000"/>
  </frame>
  <frame idx="375" w="414" h="635" x="-172.145920" y="-373.383423">
   <element name="ghostly_elixirs_comp" layername="ghostly_elixirs_comp-7" frame="0" z_index="2" m_a="0.397654" m_b="0.000000" m_c="0.000000" m_d="0.397654" m_tx="-4.000000" m_ty="-10.000000"/>
  </frame>
  <frame idx="400" w="414" h="635" x="-172.145920" y="-373.383423">
   <element name="ghostly_elixirs_comp" layername="ghostly_elixirs_comp-7" frame="0" z_index="2" m_a="0.397654" m_b="0.000000" m_c="0.000000" m_d="0.397654" m_tx="-4.000000" m_ty="-10.000000"/>
  </frame>
  <frame idx="425" w="414" h="635" x="-172.145920" y="-373.383423">
   <element name="ghostly_elixirs_comp" layername="ghostly_elixirs_comp-7" frame="0" z_index="2" m_a="0.397654" m_b="0.000000" m_c="0.000000" m_d="0.397654" m_tx="-4.000000" m_ty="-10.000000"/>
  </frame>
  <frame idx="450" w="414" h="635" x="-172.145920" y="-373.383423">
   <element name="ghostly_elixirs_comp" layername="ghostly_elixirs_comp-7" frame="0" z_index="2" m_a="0.397654" m_b="0.000000" m_c="0.000000" m_d="0.397654" m_tx="-4.000000" m_ty="-10.000000"/>
  </frame>
  <frame idx="475" w="414" h="635" x="-172.145920" y="-373.383423">
   <element name="ghostly_elixirs_comp" layername="ghostly_elixirs_comp-7" frame="0" z_index="2" m_a="0.397654" m_b="0.000000" m_c="0.000000" m_d="0.397654" m_tx="-4.000000" m_ty="-10.000000"/>
  </frame>
  <frame idx="500" w="414" h="635" x="-172.145920" y="-373.383423">
   <element name="ghostly_elixirs_comp" layername="ghostly_elixirs_comp-7" frame="0" z_index="2" m_a="0.397654" m_b="0.000000" m_c="0.000000" m_d="0.397654" m_tx="-4.000000" m_ty="-10.000000"/>
  </frame>
  <frame idx="525" w="414" h="635" x="-172.145920" y="-373.383423">
   <element name="ghostly_elixirs_comp" layername="ghostly_elixirs_comp-7" frame="0" z_index="2" m_a="0.397654" m_b="0.000000" m_c="0.000000" m_d="0.397654" m_tx="-4.000000" m_ty="-10.000000"/>
  </frame>
  <frame idx="550" w="414" h="635" x="-172.145920" y="-373.383423">
   <element name="ghostly_elixirs_comp" layername="ghostly_elixirs_comp-7" frame="0" z_index="2" m_a="0.397654" m_b="0.000000" m_c="0.000000" m_d="0.397654" m_tx="-4.000000" m_ty="-10.000000"/>
  </frame>
  <frame idx="575" w="414" h="635" x="-172.145920" y="-373.383423">
   <element name="ghostly_elixirs_comp" layername="ghostly_elixirs_comp-7" frame="0" z_index="2" m_a="0.397654" m_b="0.000000" m_c="0.000000" m_d="0.397654" m_tx="-4.000000" m_ty="-10.000000"/>
  </frame>
  <frame idx="600" w="414" h="635" x="-172.145920" y="-373.383423">
   <element name="ghostly_elixirs_comp" layername="ghostly_elixirs_comp-7" frame="0" z_index="2" m_a="0.397654" m_b="0.000000" m_c="0.000000" m_d="0.397654" m_tx="-4.000000" m_ty="-10.000000"/>
  </frame>
  <frame idx="625" w="414" h="635" x="-172.145920" y="-373.383423">
   <element name="ghostly_elixirs_comp" layername="ghostly_elixirs_comp-7" frame="0" z_index="2" m_a="0.397654" m_b="0.000000" m_c="0.000000" m_d="0.397654" m_tx="-4.000000" m_ty="-10.000000"/>
  </frame>
  <frame idx="650" w="414" h="635" x="-172.145920" y="-373.383423">
   <element name="ghostly_elixirs_comp" layername="ghostly_elixirs_comp-7" frame="0" z_index="2" m_a="0.397654" m_b="0.000000" m_c="0.000000" m_d="0.397654" m_tx="-4.000000" m_ty="-10.000000"/>
  </frame>
  <frame idx="675" w="414" h="635" x="-172.145920" y="-373.383423">
   <element name="ghostly_elixirs_comp" layername="ghostly_elixirs_comp-7" frame="0" z_index="2" m_a="0.397654" m_b="0.000000" m_c="0.000000" m_d="0.397654" m_tx="-4.000000" m_ty="-10.000000"/>
  </frame>
  <frame idx="700" w="414" h="635" x="-172.145920" y="-373.383423">
   <element name="ghostly_elixirs_comp" layername="ghostly_elixirs_comp-7" frame="0" z_index="2" m_a="0.397654" m_b="0.000000" m_c="0.000000" m_d="0.397654" m_tx="-4.000000" m_ty="-10.000000"/>
  </frame>
  <frame idx="725" w="414" h="635" x="-172.145920" y="-373.383423">
   <element name="ghostly_elixirs_comp" layername="ghostly_elixirs_comp-7" frame="0" z_index="2" m_a="0.397654" m_b="0.000000" m_c="0.000000" m_d="0.397654" m_tx="-4.000000" m_ty="-10.000000"/>
  </frame>
  <frame idx="750" w="414" h="635" x="-172.145920" y="-373.383423">
   <element name="ghostly_elixirs_comp" layername="ghostly_elixirs_comp-7" frame="0" z_index="2" m_a="0.397654" m_b="0.000000" m_c="0.000000" m_d="0.397654" m_tx="-4.000000" m_ty="-10.000000"/>
  </frame>
  <frame idx="775" w="414" h="635" x="-172.145920" y="-373.383423">
   <element name="ghostly_elixirs_comp" layername="ghostly_elixirs_comp-7" frame="0" z_index="2" m_a="0.397654" m_b="0.000000" m_c="0.000000" m_d="0.397654" m_tx="-4.000000" m_ty="-10.000000"/>
  </frame>
  <frame idx="800" w="414" h="635" x="-172.145920" y="-373.383423">
   <element name="ghostly_elixirs_comp" layername="ghostly_elixirs_comp-7" frame="0" z_index="2" m_a="0.397654" m_b="0.000000" m_c="0.000000" m_d="0.397654" m_tx="-4.000000" m_ty="-10.000000"/>
  </frame>
  <frame idx="825" w="414" h="635" x="-172.145920" y="-373.383423">
   <element name="ghostly_elixirs_comp" layername="ghostly_elixirs_comp-7" frame="0" z_index="2" m_a="0.397654" m_b="0.000000" m_c="0.000000" m_d="0.397654" m_tx="-4.000000" m_ty="-10.000000"/>
  </frame>
  <frame idx="850" w="414" h="635" x="-172.145920" y="-373.383423">
   <element name="ghostly_elixirs_comp" layername="ghostly_elixirs_comp-7" frame="0" z_index="2" m_a="0.397654" m_b="0.000000" m_c="0.000000" m_d="0.397654" m_tx="-4.000000" m_ty="-10.000000"/>
  </frame>
  <frame idx="875" w="414" h="635" x="-172.145920" y="-373.383423">
   <element name="ghostly_elixirs_comp" layername="ghostly_elixirs_comp-7" frame="0" z_index="2" m_a="0.397654" m_b="0.000000" m_c="0.000000" m_d="0.397654" m_tx="-4.000000" m_ty="-10.000000"/>
  </frame>
  <frame idx="900" w="414" h="635" x="-172.145920" y="-373.383423">
   <element name="ghostly_elixirs_comp" layername="ghostly_elixirs_comp-7" frame="0" z_index="2" m_a="0.397654" m_b="0.000000" m_c="0.000000" m_d="0.397654" m_tx="-4.000000" m_ty="-10.000000"/>
  </frame>
  <frame idx="925" w="414" h="635" x="-172.145920" y="-373.383423">
   <element name="ghostly_elixirs_comp" layername="ghostly_elixirs_comp-7" frame="0" z_index="2" m_a="0.397654" m_b="0.000000" m_c="0.000000" m_d="0.397654" m_tx="-4.000000" m_ty="-10.000000"/>
  </frame>
  <frame idx="950" w="414" h="635" x="-172.145920" y="-373.383423">
   <element name="ghostly_elixirs_comp" layername="ghostly_elixirs_comp-7" frame="0" z_index="2" m_a="0.397654" m_b="0.000000" m_c="0.000000" m_d="0.397654" m_tx="-4.000000" m_ty="-10.000000"/>
  </frame>
  <frame idx="975" w="414" h="635" x="-172.145920" y="-373.383423">
   <element name="ghostly_elixirs_comp" layername="ghostly_elixirs_comp-7" frame="0" z_index="2" m_a="0.397654" m_b="0.000000" m_c="0.000000" m_d="0.397654" m_tx="-4.000000" m_ty="-10.000000"/>
  </frame>
 </anim>
</Anims>
