<Anims>
 <anim name="moon" root="ghostly_elixirs" numframes="1000" framerate="40">
  <frame idx="0" w="121" h="163" x="2.947392" y="-35.386017">
   <element name="ghostly_elixirs_comp" layername="ghostly_elixirs_comp-6" frame="6" z_index="7" m_a="1.000000" m_b="0.000000" m_c="0.000000" m_d="1.000000" m_tx="0.000000" m_ty="-1.000000"/>
  </frame>
  <frame idx="25" w="121" h="163" x="2.947392" y="-35.386017">
   <element name="ghostly_elixirs_comp" layername="ghostly_elixirs_comp-6" frame="6" z_index="7" m_a="1.000000" m_b="0.000000" m_c="0.000000" m_d="1.000000" m_tx="0.000000" m_ty="-1.000000"/>
  </frame>
  <frame idx="50" w="121" h="163" x="2.947392" y="-35.386017">
   <element name="ghostly_elixirs_comp" layername="ghostly_elixirs_comp-6" frame="6" z_index="7" m_a="1.000000" m_b="0.000000" m_c="0.000000" m_d="1.000000" m_tx="0.000000" m_ty="-1.000000"/>
  </frame>
  <frame idx="75" w="121" h="163" x="2.947392" y="-35.386017">
   <element name="ghostly_elixirs_comp" layername="ghostly_elixirs_comp-6" frame="6" z_index="7" m_a="1.000000" m_b="0.000000" m_c="0.000000" m_d="1.000000" m_tx="0.000000" m_ty="-1.000000"/>
  </frame>
  <frame idx="100" w="121" h="163" x="2.947392" y="-35.386017">
   <element name="ghostly_elixirs_comp" layername="ghostly_elixirs_comp-6" frame="6" z_index="7" m_a="1.000000" m_b="0.000000" m_c="0.000000" m_d="1.000000" m_tx="0.000000" m_ty="-1.000000"/>
  </frame>
  <frame idx="125" w="121" h="163" x="2.947392" y="-35.386017">
   <element name="ghostly_elixirs_comp" layername="ghostly_elixirs_comp-6" frame="6" z_index="7" m_a="1.000000" m_b="0.000000" m_c="0.000000" m_d="1.000000" m_tx="0.000000" m_ty="-1.000000"/>
  </frame>
  <frame idx="150" w="121" h="163" x="2.947392" y="-35.386017">
   <element name="ghostly_elixirs_comp" layername="ghostly_elixirs_comp-6" frame="6" z_index="7" m_a="1.000000" m_b="0.000000" m_c="0.000000" m_d="1.000000" m_tx="0.000000" m_ty="-1.000000"/>
  </frame>
  <frame idx="175" w="121" h="163" x="2.947392" y="-35.386017">
   <element name="ghostly_elixirs_comp" layername="ghostly_elixirs_comp-6" frame="6" z_index="7" m_a="1.000000" m_b="0.000000" m_c="0.000000" m_d="1.000000" m_tx="0.000000" m_ty="-1.000000"/>
  </frame>
  <frame idx="200" w="121" h="163" x="2.947392" y="-35.386017">
   <element name="ghostly_elixirs_comp" layername="ghostly_elixirs_comp-6" frame="6" z_index="7" m_a="1.000000" m_b="0.000000" m_c="0.000000" m_d="1.000000" m_tx="0.000000" m_ty="-1.000000"/>
  </frame>
  <frame idx="225" w="121" h="163" x="2.947392" y="-35.386017">
   <element name="ghostly_elixirs_comp" layername="ghostly_elixirs_comp-6" frame="6" z_index="7" m_a="1.000000" m_b="0.000000" m_c="0.000000" m_d="1.000000" m_tx="0.000000" m_ty="-1.000000"/>
  </frame>
  <frame idx="250" w="121" h="163" x="2.947392" y="-35.386017">
   <element name="ghostly_elixirs_comp" layername="ghostly_elixirs_comp-6" frame="6" z_index="7" m_a="1.000000" m_b="0.000000" m_c="0.000000" m_d="1.000000" m_tx="0.000000" m_ty="-1.000000"/>
  </frame>
  <frame idx="275" w="121" h="163" x="2.947392" y="-35.386017">
   <element name="ghostly_elixirs_comp" layername="ghostly_elixirs_comp-6" frame="6" z_index="7" m_a="1.000000" m_b="0.000000" m_c="0.000000" m_d="1.000000" m_tx="0.000000" m_ty="-1.000000"/>
  </frame>
  <frame idx="300" w="121" h="163" x="2.947392" y="-35.386017">
   <element name="ghostly_elixirs_comp" layername="ghostly_elixirs_comp-6" frame="6" z_index="7" m_a="1.000000" m_b="0.000000" m_c="0.000000" m_d="1.000000" m_tx="0.000000" m_ty="-1.000000"/>
  </frame>
  <frame idx="325" w="121" h="163" x="2.947392" y="-35.386017">
   <element name="ghostly_elixirs_comp" layername="ghostly_elixirs_comp-6" frame="6" z_index="7" m_a="1.000000" m_b="0.000000" m_c="0.000000" m_d="1.000000" m_tx="0.000000" m_ty="-1.000000"/>
  </frame>
  <frame idx="350" w="121" h="163" x="2.947392" y="-35.386017">
   <element name="ghostly_elixirs_comp" layername="ghostly_elixirs_comp-6" frame="6" z_index="7" m_a="1.000000" m_b="0.000000" m_c="0.000000" m_d="1.000000" m_tx="0.000000" m_ty="-1.000000"/>
  </frame>
  <frame idx="375" w="121" h="163" x="2.947392" y="-35.386017">
   <element name="ghostly_elixirs_comp" layername="ghostly_elixirs_comp-6" frame="6" z_index="7" m_a="1.000000" m_b="0.000000" m_c="0.000000" m_d="1.000000" m_tx="0.000000" m_ty="-1.000000"/>
  </frame>
  <frame idx="400" w="121" h="163" x="2.947392" y="-35.386017">
   <element name="ghostly_elixirs_comp" layername="ghostly_elixirs_comp-6" frame="6" z_index="7" m_a="1.000000" m_b="0.000000" m_c="0.000000" m_d="1.000000" m_tx="0.000000" m_ty="-1.000000"/>
  </frame>
  <frame idx="425" w="121" h="163" x="2.947392" y="-35.386017">
   <element name="ghostly_elixirs_comp" layername="ghostly_elixirs_comp-6" frame="6" z_index="7" m_a="1.000000" m_b="0.000000" m_c="0.000000" m_d="1.000000" m_tx="0.000000" m_ty="-1.000000"/>
  </frame>
  <frame idx="450" w="121" h="163" x="2.947392" y="-35.386017">
   <element name="ghostly_elixirs_comp" layername="ghostly_elixirs_comp-6" frame="6" z_index="7" m_a="1.000000" m_b="0.000000" m_c="0.000000" m_d="1.000000" m_tx="0.000000" m_ty="-1.000000"/>
  </frame>
  <frame idx="475" w="121" h="163" x="2.947392" y="-35.386017">
   <element name="ghostly_elixirs_comp" layername="ghostly_elixirs_comp-6" frame="6" z_index="7" m_a="1.000000" m_b="0.000000" m_c="0.000000" m_d="1.000000" m_tx="0.000000" m_ty="-1.000000"/>
  </frame>
  <frame idx="500" w="121" h="163" x="2.947392" y="-35.386017">
   <element name="ghostly_elixirs_comp" layername="ghostly_elixirs_comp-6" frame="6" z_index="7" m_a="1.000000" m_b="0.000000" m_c="0.000000" m_d="1.000000" m_tx="0.000000" m_ty="-1.000000"/>
  </frame>
  <frame idx="525" w="121" h="163" x="2.947392" y="-35.386017">
   <element name="ghostly_elixirs_comp" layername="ghostly_elixirs_comp-6" frame="6" z_index="7" m_a="1.000000" m_b="0.000000" m_c="0.000000" m_d="1.000000" m_tx="0.000000" m_ty="-1.000000"/>
  </frame>
  <frame idx="550" w="121" h="163" x="2.947392" y="-35.386017">
   <element name="ghostly_elixirs_comp" layername="ghostly_elixirs_comp-6" frame="6" z_index="7" m_a="1.000000" m_b="0.000000" m_c="0.000000" m_d="1.000000" m_tx="0.000000" m_ty="-1.000000"/>
  </frame>
  <frame idx="575" w="121" h="163" x="2.947392" y="-35.386017">
   <element name="ghostly_elixirs_comp" layername="ghostly_elixirs_comp-6" frame="6" z_index="7" m_a="1.000000" m_b="0.000000" m_c="0.000000" m_d="1.000000" m_tx="0.000000" m_ty="-1.000000"/>
  </frame>
  <frame idx="600" w="121" h="163" x="2.947392" y="-35.386017">
   <element name="ghostly_elixirs_comp" layername="ghostly_elixirs_comp-6" frame="6" z_index="7" m_a="1.000000" m_b="0.000000" m_c="0.000000" m_d="1.000000" m_tx="0.000000" m_ty="-1.000000"/>
  </frame>
  <frame idx="625" w="121" h="163" x="2.947392" y="-35.386017">
   <element name="ghostly_elixirs_comp" layername="ghostly_elixirs_comp-6" frame="6" z_index="7" m_a="1.000000" m_b="0.000000" m_c="0.000000" m_d="1.000000" m_tx="0.000000" m_ty="-1.000000"/>
  </frame>
  <frame idx="650" w="121" h="163" x="2.947392" y="-35.386017">
   <element name="ghostly_elixirs_comp" layername="ghostly_elixirs_comp-6" frame="6" z_index="7" m_a="1.000000" m_b="0.000000" m_c="0.000000" m_d="1.000000" m_tx="0.000000" m_ty="-1.000000"/>
  </frame>
  <frame idx="675" w="121" h="163" x="2.947392" y="-35.386017">
   <element name="ghostly_elixirs_comp" layername="ghostly_elixirs_comp-6" frame="6" z_index="7" m_a="1.000000" m_b="0.000000" m_c="0.000000" m_d="1.000000" m_tx="0.000000" m_ty="-1.000000"/>
  </frame>
  <frame idx="700" w="121" h="163" x="2.947392" y="-35.386017">
   <element name="ghostly_elixirs_comp" layername="ghostly_elixirs_comp-6" frame="6" z_index="7" m_a="1.000000" m_b="0.000000" m_c="0.000000" m_d="1.000000" m_tx="0.000000" m_ty="-1.000000"/>
  </frame>
  <frame idx="725" w="121" h="163" x="2.947392" y="-35.386017">
   <element name="ghostly_elixirs_comp" layername="ghostly_elixirs_comp-6" frame="6" z_index="7" m_a="1.000000" m_b="0.000000" m_c="0.000000" m_d="1.000000" m_tx="0.000000" m_ty="-1.000000"/>
  </frame>
  <frame idx="750" w="121" h="163" x="2.947392" y="-35.386017">
   <element name="ghostly_elixirs_comp" layername="ghostly_elixirs_comp-6" frame="6" z_index="7" m_a="1.000000" m_b="0.000000" m_c="0.000000" m_d="1.000000" m_tx="0.000000" m_ty="-1.000000"/>
  </frame>
  <frame idx="775" w="121" h="163" x="2.947392" y="-35.386017">
   <element name="ghostly_elixirs_comp" layername="ghostly_elixirs_comp-6" frame="6" z_index="7" m_a="1.000000" m_b="0.000000" m_c="0.000000" m_d="1.000000" m_tx="0.000000" m_ty="-1.000000"/>
  </frame>
  <frame idx="800" w="121" h="163" x="2.947392" y="-35.386017">
   <element name="ghostly_elixirs_comp" layername="ghostly_elixirs_comp-6" frame="6" z_index="7" m_a="1.000000" m_b="0.000000" m_c="0.000000" m_d="1.000000" m_tx="0.000000" m_ty="-1.000000"/>
  </frame>
  <frame idx="825" w="121" h="163" x="2.947392" y="-35.386017">
   <element name="ghostly_elixirs_comp" layername="ghostly_elixirs_comp-6" frame="6" z_index="7" m_a="1.000000" m_b="0.000000" m_c="0.000000" m_d="1.000000" m_tx="0.000000" m_ty="-1.000000"/>
  </frame>
  <frame idx="850" w="121" h="163" x="2.947392" y="-35.386017">
   <element name="ghostly_elixirs_comp" layername="ghostly_elixirs_comp-6" frame="6" z_index="7" m_a="1.000000" m_b="0.000000" m_c="0.000000" m_d="1.000000" m_tx="0.000000" m_ty="-1.000000"/>
  </frame>
  <frame idx="875" w="121" h="163" x="2.947392" y="-35.386017">
   <element name="ghostly_elixirs_comp" layername="ghostly_elixirs_comp-6" frame="6" z_index="7" m_a="1.000000" m_b="0.000000" m_c="0.000000" m_d="1.000000" m_tx="0.000000" m_ty="-1.000000"/>
  </frame>
  <frame idx="900" w="121" h="163" x="2.947392" y="-35.386017">
   <element name="ghostly_elixirs_comp" layername="ghostly_elixirs_comp-6" frame="6" z_index="7" m_a="1.000000" m_b="0.000000" m_c="0.000000" m_d="1.000000" m_tx="0.000000" m_ty="-1.000000"/>
  </frame>
  <frame idx="925" w="121" h="163" x="2.947392" y="-35.386017">
   <element name="ghostly_elixirs_comp" layername="ghostly_elixirs_comp-6" frame="6" z_index="7" m_a="1.000000" m_b="0.000000" m_c="0.000000" m_d="1.000000" m_tx="0.000000" m_ty="-1.000000"/>
  </frame>
  <frame idx="950" w="121" h="163" x="2.947392" y="-35.386017">
   <element name="ghostly_elixirs_comp" layername="ghostly_elixirs_comp-6" frame="6" z_index="7" m_a="1.000000" m_b="0.000000" m_c="0.000000" m_d="1.000000" m_tx="0.000000" m_ty="-1.000000"/>
  </frame>
  <frame idx="975" w="121" h="163" x="2.947392" y="-35.386017">
   <element name="ghostly_elixirs_comp" layername="ghostly_elixirs_comp-6" frame="6" z_index="7" m_a="1.000000" m_b="0.000000" m_c="0.000000" m_d="1.000000" m_tx="0.000000" m_ty="-1.000000"/>
  </frame>
 </anim>
 <anim name="attack" root="ghostly_elixirs" numframes="50" framerate="40">
  <frame idx="0" w="167" h="256" x="20.074997" y="-66.100067">
   <element name="ghostly_elixirs_comp" layername="ghostly_elixirs_comp" frame="0" z_index="7" m_a="1.000000" m_b="0.000000" m_c="0.000000" m_d="1.000000" m_tx="-4.700000" m_ty="-0.750000"/>
  </frame>
  <frame idx="25" w="167" h="256" x="20.074997" y="-66.100067">
   <element name="ghostly_elixirs_comp" layername="ghostly_elixirs_comp" frame="0" z_index="7" m_a="1.000000" m_b="0.000000" m_c="0.000000" m_d="1.000000" m_tx="-4.700000" m_ty="-0.750000"/>
  </frame>
 </anim>
 <anim name="healing" root="ghostly_elixirs" numframes="50" framerate="40">
  <frame idx="0" w="225" h="284" x="37.600082" y="-74.375000">
   <element name="ghostly_elixirs_comp" layername="ghostly_elixirs_comp" frame="4" z_index="7" m_a="1.000000" m_b="0.000000" m_c="0.000000" m_d="1.000000" m_tx="-4.700000" m_ty="-0.750000"/>
  </frame>
  <frame idx="25" w="225" h="284" x="37.600082" y="-74.375000">
   <element name="ghostly_elixirs_comp" layername="ghostly_elixirs_comp" frame="4" z_index="7" m_a="1.000000" m_b="0.000000" m_c="0.000000" m_d="1.000000" m_tx="-4.700000" m_ty="-0.750000"/>
  </frame>
 </anim>
 <anim name="regeneration" root="ghostly_elixirs" numframes="50" framerate="40">
  <frame idx="0" w="143" h="239" x="12.950035" y="-63.475006">
   <element name="ghostly_elixirs_comp" layername="ghostly_elixirs_comp" frame="3" z_index="7" m_a="1.000000" m_b="0.000000" m_c="0.000000" m_d="1.000000" m_tx="-4.700000" m_ty="-0.750000"/>
  </frame>
  <frame idx="25" w="143" h="239" x="12.950035" y="-63.475006">
   <element name="ghostly_elixirs_comp" layername="ghostly_elixirs_comp" frame="3" z_index="7" m_a="1.000000" m_b="0.000000" m_c="0.000000" m_d="1.000000" m_tx="-4.700000" m_ty="-0.750000"/>
  </frame>
 </anim>
 <anim name="retaliation" root="ghostly_elixirs" numframes="50" framerate="40">
  <frame idx="0" w="165" h="283" x="18.374969" y="-76.549988">
   <element name="ghostly_elixirs_comp" layername="ghostly_elixirs_comp" frame="5" z_index="7" m_a="1.000000" m_b="0.000000" m_c="0.000000" m_d="1.000000" m_tx="-4.700000" m_ty="-0.750000"/>
  </frame>
  <frame idx="25" w="165" h="283" x="18.374969" y="-76.549988">
   <element name="ghostly_elixirs_comp" layername="ghostly_elixirs_comp" frame="5" z_index="7" m_a="1.000000" m_b="0.000000" m_c="0.000000" m_d="1.000000" m_tx="-4.700000" m_ty="-0.750000"/>
  </frame>
 </anim>
 <anim name="shield" root="ghostly_elixirs" numframes="50" framerate="40">
  <frame idx="0" w="158" h="248" x="15.524952" y="-64.649994">
   <element name="ghostly_elixirs_comp" layername="ghostly_elixirs_comp" frame="2" z_index="7" m_a="1.000000" m_b="0.000000" m_c="0.000000" m_d="1.000000" m_tx="-4.700000" m_ty="-0.750000"/>
  </frame>
  <frame idx="25" w="158" h="248" x="15.524952" y="-64.649994">
   <element name="ghostly_elixirs_comp" layername="ghostly_elixirs_comp" frame="2" z_index="7" m_a="1.000000" m_b="0.000000" m_c="0.000000" m_d="1.000000" m_tx="-4.700000" m_ty="-0.750000"/>
  </frame>
 </anim>
 <anim name="speed" root="ghostly_elixirs" numframes="50" framerate="40">
  <frame idx="0" w="139" h="247" x="28.549988" y="-62.625031">
   <element name="ghostly_elixirs_comp" layername="ghostly_elixirs_comp" frame="1" z_index="7" m_a="1.000000" m_b="0.000000" m_c="0.000000" m_d="1.000000" m_tx="-4.700000" m_ty="-0.750000"/>
  </frame>
  <frame idx="25" w="139" h="247" x="28.549988" y="-62.625031">
   <element name="ghostly_elixirs_comp" layername="ghostly_elixirs_comp" frame="1" z_index="7" m_a="1.000000" m_b="0.000000" m_c="0.000000" m_d="1.000000" m_tx="-4.700000" m_ty="-0.750000"/>
  </frame>
 </anim>
</Anims>
