<Anims>
 <anim name="dream" root="ghostly_elixirs" numframes="1000" framerate="40">
  <frame idx="0" w="212" h="268" x="-2.249977" y="-64.749977">
   <element name="symbol0" layername="dream" frame="0" z_index="2" m_a="1.685841" m_b="0.000000" m_c="0.000000" m_d="1.588496" m_tx="-96.657082" m_ty="-153.705750"/>
   <element name="symbol0" layername="dream" frame="1" z_index="1" m_a="1.000000" m_b="0.000000" m_c="0.000000" m_d="1.000000" m_tx="-32.000000" m_ty="-91.000000"/>
  </frame>
  <frame idx="25" w="212" h="268" x="-2.249977" y="-64.749977">
   <element name="symbol0" layername="dream" frame="0" z_index="2" m_a="1.685841" m_b="0.000000" m_c="0.000000" m_d="1.588496" m_tx="-96.657082" m_ty="-153.705750"/>
   <element name="symbol0" layername="dream" frame="1" z_index="1" m_a="0.992152" m_b="0.125039" m_c="-0.125039" m_d="0.992152" m_tx="-32.000000" m_ty="-91.000000"/>
  </frame>
  <frame idx="50" w="212" h="268" x="-2.249977" y="-64.749977">
   <element name="symbol0" layername="dream" frame="0" z_index="2" m_a="1.685841" m_b="0.000000" m_c="0.000000" m_d="1.588496" m_tx="-96.657082" m_ty="-153.705750"/>
   <element name="symbol0" layername="dream" frame="1" z_index="1" m_a="0.968730" m_b="0.248116" m_c="-0.248116" m_d="0.968730" m_tx="-32.000000" m_ty="-91.000000"/>
  </frame>
  <frame idx="75" w="212" h="268" x="-2.249977" y="-64.749977">
   <element name="symbol0" layername="dream" frame="0" z_index="2" m_a="1.685841" m_b="0.000000" m_c="0.000000" m_d="1.588496" m_tx="-96.657082" m_ty="-153.705750"/>
   <element name="symbol0" layername="dream" frame="1" z_index="1" m_a="0.930103" m_b="0.367298" m_c="-0.367298" m_d="0.930103" m_tx="-32.000000" m_ty="-91.000000"/>
  </frame>
  <frame idx="100" w="212" h="268" x="-2.249977" y="-64.749977">
   <element name="symbol0" layername="dream" frame="0" z_index="2" m_a="1.685841" m_b="0.000000" m_c="0.000000" m_d="1.588496" m_tx="-96.657082" m_ty="-153.705750"/>
   <element name="symbol0" layername="dream" frame="1" z_index="1" m_a="0.876877" m_b="0.480715" m_c="-0.480715" m_d="0.876877" m_tx="-32.000000" m_ty="-91.000000"/>
  </frame>
  <frame idx="125" w="212" h="268" x="-2.249977" y="-64.749977">
   <element name="symbol0" layername="dream" frame="0" z_index="2" m_a="1.685841" m_b="0.000000" m_c="0.000000" m_d="1.588496" m_tx="-96.657082" m_ty="-153.705750"/>
   <element name="symbol0" layername="dream" frame="1" z_index="1" m_a="0.809886" m_b="0.586587" m_c="-0.586587" m_d="0.809886" m_tx="-32.000000" m_ty="-91.000000"/>
  </frame>
  <frame idx="150" w="212" h="268" x="-2.249977" y="-64.749977">
   <element name="symbol0" layername="dream" frame="0" z_index="2" m_a="1.685841" m_b="0.000000" m_c="0.000000" m_d="1.588496" m_tx="-96.657082" m_ty="-153.705750"/>
   <element name="symbol0" layername="dream" frame="1" z_index="1" m_a="0.730184" m_b="0.683251" m_c="-0.683251" m_d="0.730184" m_tx="-32.000000" m_ty="-91.000000"/>
  </frame>
  <frame idx="175" w="212" h="268" x="-2.249977" y="-64.749977">
   <element name="symbol0" layername="dream" frame="0" z_index="2" m_a="1.685841" m_b="0.000000" m_c="0.000000" m_d="1.588496" m_tx="-96.657082" m_ty="-153.705750"/>
   <element name="symbol0" layername="dream" frame="1" z_index="1" m_a="0.639020" m_b="0.769190" m_c="-0.769190" m_d="0.639020" m_tx="-32.000000" m_ty="-91.000000"/>
  </frame>
  <frame idx="200" w="212" h="268" x="-2.249977" y="-64.749977">
   <element name="symbol0" layername="dream" frame="0" z_index="2" m_a="1.685841" m_b="0.000000" m_c="0.000000" m_d="1.588496" m_tx="-96.657082" m_ty="-153.705750"/>
   <element name="symbol0" layername="dream" frame="1" z_index="1" m_a="0.537826" m_b="0.843056" m_c="-0.843056" m_d="0.537826" m_tx="-32.000000" m_ty="-91.000000"/>
  </frame>
  <frame idx="225" w="212" h="268" x="-2.249977" y="-64.749977">
   <element name="symbol0" layername="dream" frame="0" z_index="2" m_a="1.685841" m_b="0.000000" m_c="0.000000" m_d="1.588496" m_tx="-96.657082" m_ty="-153.705750"/>
   <element name="symbol0" layername="dream" frame="1" z_index="1" m_a="0.428189" m_b="0.903689" m_c="-0.903689" m_d="0.428189" m_tx="-32.000000" m_ty="-91.000000"/>
  </frame>
  <frame idx="250" w="212" h="268" x="-2.249977" y="-64.749977">
   <element name="symbol0" layername="dream" frame="0" z_index="2" m_a="1.685841" m_b="0.000000" m_c="0.000000" m_d="1.588496" m_tx="-96.657082" m_ty="-153.705750"/>
   <element name="symbol0" layername="dream" frame="1" z_index="1" m_a="0.311832" m_b="0.950137" m_c="-0.950137" m_d="0.311832" m_tx="-32.000000" m_ty="-91.000000"/>
  </frame>
  <frame idx="275" w="212" h="268" x="-2.249977" y="-64.749977">
   <element name="symbol0" layername="dream" frame="0" z_index="2" m_a="1.685841" m_b="0.000000" m_c="0.000000" m_d="1.588496" m_tx="-96.657082" m_ty="-153.705750"/>
   <element name="symbol0" layername="dream" frame="1" z_index="1" m_a="0.190580" m_b="0.981672" m_c="-0.981672" m_d="0.190580" m_tx="-32.000000" m_ty="-91.000000"/>
  </frame>
  <frame idx="300" w="212" h="268" x="-2.249977" y="-64.749977">
   <element name="symbol0" layername="dream" frame="0" z_index="2" m_a="1.685841" m_b="0.000000" m_c="0.000000" m_d="1.588496" m_tx="-96.657082" m_ty="-153.705750"/>
   <element name="symbol0" layername="dream" frame="1" z_index="1" m_a="0.056368" m_b="0.998410" m_c="-0.998410" m_d="0.056368" m_tx="-32.000000" m_ty="-91.000000"/>
  </frame>
  <frame idx="325" w="212" h="268" x="-2.249977" y="-64.749977">
   <element name="symbol0" layername="dream" frame="0" z_index="2" m_a="1.685841" m_b="0.000000" m_c="0.000000" m_d="1.588496" m_tx="-96.657082" m_ty="-153.705750"/>
   <element name="symbol0" layername="dream" frame="1" z_index="1" m_a="-0.110359" m_b="0.993892" m_c="-0.993892" m_d="-0.110359" m_tx="-32.000000" m_ty="-91.000000"/>
  </frame>
  <frame idx="350" w="216" h="268" x="-3.652679" y="-64.749977">
   <element name="symbol0" layername="dream" frame="0" z_index="2" m_a="1.685841" m_b="0.000000" m_c="0.000000" m_d="1.588496" m_tx="-96.657082" m_ty="-153.705750"/>
   <element name="symbol0" layername="dream" frame="1" z_index="1" m_a="-0.274015" m_b="0.961725" m_c="-0.961725" m_d="-0.274015" m_tx="-32.000000" m_ty="-91.000000"/>
  </frame>
  <frame idx="375" w="219" h="268" x="-4.813164" y="-64.749977">
   <element name="symbol0" layername="dream" frame="0" z_index="2" m_a="1.685841" m_b="0.000000" m_c="0.000000" m_d="1.588496" m_tx="-96.657082" m_ty="-153.705750"/>
   <element name="symbol0" layername="dream" frame="1" z_index="1" m_a="-0.430049" m_b="0.902806" m_c="-0.902806" m_d="-0.430049" m_tx="-32.000000" m_ty="-91.000000"/>
  </frame>
  <frame idx="400" w="220" h="268" x="-5.173508" y="-64.749977">
   <element name="symbol0" layername="dream" frame="0" z_index="2" m_a="1.685841" m_b="0.000000" m_c="0.000000" m_d="1.588496" m_tx="-96.657082" m_ty="-153.705750"/>
   <element name="symbol0" layername="dream" frame="1" z_index="1" m_a="-0.574120" m_b="0.818771" m_c="-0.818771" m_d="-0.574120" m_tx="-32.000000" m_ty="-91.000000"/>
  </frame>
  <frame idx="425" w="219" h="268" x="-4.723694" y="-64.749977">
   <element name="symbol0" layername="dream" frame="0" z_index="2" m_a="1.685841" m_b="0.000000" m_c="0.000000" m_d="1.588496" m_tx="-96.657082" m_ty="-153.705750"/>
   <element name="symbol0" layername="dream" frame="1" z_index="1" m_a="-0.702220" m_b="0.711960" m_c="-0.711960" m_d="-0.702220" m_tx="-32.000000" m_ty="-91.000000"/>
  </frame>
  <frame idx="450" w="215" h="268" x="-3.476219" y="-64.749977">
   <element name="symbol0" layername="dream" frame="0" z_index="2" m_a="1.685841" m_b="0.000000" m_c="0.000000" m_d="1.588496" m_tx="-96.657082" m_ty="-153.705750"/>
   <element name="symbol0" layername="dream" frame="1" z_index="1" m_a="-0.810785" m_b="0.585344" m_c="-0.585344" m_d="-0.810785" m_tx="-32.000000" m_ty="-91.000000"/>
  </frame>
  <frame idx="475" w="212" h="268" x="-2.249977" y="-64.749977">
   <element name="symbol0" layername="dream" frame="0" z_index="2" m_a="1.685841" m_b="0.000000" m_c="0.000000" m_d="1.588496" m_tx="-96.657082" m_ty="-153.705750"/>
   <element name="symbol0" layername="dream" frame="1" z_index="1" m_a="-0.896796" m_b="0.442444" m_c="-0.442444" m_d="-0.896796" m_tx="-32.000000" m_ty="-91.000000"/>
  </frame>
  <frame idx="500" w="212" h="272" x="-2.249977" y="-65.985733">
   <element name="symbol0" layername="dream" frame="0" z_index="2" m_a="1.685841" m_b="0.000000" m_c="0.000000" m_d="1.588496" m_tx="-96.657082" m_ty="-153.705750"/>
   <element name="symbol0" layername="dream" frame="1" z_index="1" m_a="-0.957860" m_b="0.287237" m_c="-0.287237" m_d="-0.957860" m_tx="-32.000000" m_ty="-91.000000"/>
  </frame>
  <frame idx="525" w="212" h="274" x="-2.249977" y="-66.811760">
   <element name="symbol0" layername="dream" frame="0" z_index="2" m_a="1.685841" m_b="0.000000" m_c="0.000000" m_d="1.588496" m_tx="-96.657082" m_ty="-153.705750"/>
   <element name="symbol0" layername="dream" frame="1" z_index="1" m_a="-0.992277" m_b="0.124039" m_c="-0.124039" m_d="-0.992277" m_tx="-32.000000" m_ty="-91.000000"/>
  </frame>
  <frame idx="550" w="212" h="278" x="-2.249977" y="-67.678368">
   <element name="symbol0" layername="dream" frame="0" z_index="2" m_a="1.685841" m_b="0.000000" m_c="0.000000" m_d="1.588496" m_tx="-96.657082" m_ty="-153.705750"/>
   <element name="symbol0" layername="dream" frame="1" z_index="1" m_a="-0.999092" m_b="-0.042610" m_c="0.042610" m_d="-0.999092" m_tx="-32.000000" m_ty="-91.000000"/>
  </frame>
  <frame idx="575" w="212" h="285" x="-2.249977" y="-69.905022">
   <element name="symbol0" layername="dream" frame="0" z_index="2" m_a="1.685841" m_b="0.000000" m_c="0.000000" m_d="1.588496" m_tx="-96.657082" m_ty="-153.705750"/>
   <element name="symbol0" layername="dream" frame="1" z_index="1" m_a="-0.978113" m_b="-0.208073" m_c="0.208073" m_d="-0.978113" m_tx="-32.000000" m_ty="-91.000000"/>
  </frame>
  <frame idx="600" w="212" h="291" x="-2.249977" y="-71.762657">
   <element name="symbol0" layername="dream" frame="0" z_index="2" m_a="1.685841" m_b="0.000000" m_c="0.000000" m_d="1.588496" m_tx="-96.657082" m_ty="-153.705750"/>
   <element name="symbol0" layername="dream" frame="1" z_index="1" m_a="-0.902578" m_b="-0.430527" m_c="0.430527" m_d="-0.902578" m_tx="-32.000000" m_ty="-91.000000"/>
  </frame>
  <frame idx="625" w="212" h="292" x="-2.249977" y="-72.010155">
   <element name="symbol0" layername="dream" frame="0" z_index="2" m_a="1.685841" m_b="0.000000" m_c="0.000000" m_d="1.588496" m_tx="-96.657082" m_ty="-153.705750"/>
   <element name="symbol0" layername="dream" frame="1" z_index="1" m_a="-0.771318" m_b="-0.636450" m_c="0.636450" m_d="-0.771318" m_tx="-32.000000" m_ty="-91.000000"/>
  </frame>
  <frame idx="650" w="212" h="286" x="-2.249977" y="-70.527489">
   <element name="symbol0" layername="dream" frame="0" z_index="2" m_a="1.685841" m_b="0.000000" m_c="0.000000" m_d="1.588496" m_tx="-96.657082" m_ty="-153.705750"/>
   <element name="symbol0" layername="dream" frame="1" z_index="1" m_a="-0.594061" m_b="-0.804420" m_c="0.804420" m_d="-0.594061" m_tx="-32.000000" m_ty="-91.000000"/>
  </frame>
  <frame idx="675" w="212" h="277" x="-2.249977" y="-67.403099">
   <element name="symbol0" layername="dream" frame="0" z_index="2" m_a="1.685841" m_b="0.000000" m_c="0.000000" m_d="1.588496" m_tx="-96.657082" m_ty="-153.705750"/>
   <element name="symbol0" layername="dream" frame="1" z_index="1" m_a="-0.381378" m_b="-0.924419" m_c="0.924419" m_d="-0.381378" m_tx="-32.000000" m_ty="-91.000000"/>
  </frame>
  <frame idx="700" w="212" h="268" x="-2.249977" y="-64.749977">
   <element name="symbol0" layername="dream" frame="0" z_index="2" m_a="1.685841" m_b="0.000000" m_c="0.000000" m_d="1.588496" m_tx="-96.657082" m_ty="-153.705750"/>
   <element name="symbol0" layername="dream" frame="1" z_index="1" m_a="-0.145953" m_b="-0.989292" m_c="0.989292" m_d="-0.145953" m_tx="-32.000000" m_ty="-91.000000"/>
  </frame>
  <frame idx="725" w="212" h="268" x="-2.249977" y="-64.749977">
   <element name="symbol0" layername="dream" frame="0" z_index="2" m_a="1.685841" m_b="0.000000" m_c="0.000000" m_d="1.588496" m_tx="-96.657082" m_ty="-153.705750"/>
   <element name="symbol0" layername="dream" frame="1" z_index="1" m_a="0.098177" m_b="-0.995169" m_c="0.995169" m_d="0.098177" m_tx="-32.000000" m_ty="-91.000000"/>
  </frame>
  <frame idx="750" w="212" h="268" x="-2.249977" y="-64.749977">
   <element name="symbol0" layername="dream" frame="0" z_index="2" m_a="1.685841" m_b="0.000000" m_c="0.000000" m_d="1.588496" m_tx="-96.657082" m_ty="-153.705750"/>
   <element name="symbol0" layername="dream" frame="1" z_index="1" m_a="0.336452" m_b="-0.941701" m_c="0.941701" m_d="0.336452" m_tx="-32.000000" m_ty="-91.000000"/>
  </frame>
  <frame idx="775" w="212" h="268" x="-2.249977" y="-64.749977">
   <element name="symbol0" layername="dream" frame="0" z_index="2" m_a="1.685841" m_b="0.000000" m_c="0.000000" m_d="1.588496" m_tx="-96.657082" m_ty="-153.705750"/>
   <element name="symbol0" layername="dream" frame="1" z_index="1" m_a="0.554663" m_b="-0.832075" m_c="0.832075" m_d="0.554663" m_tx="-32.000000" m_ty="-91.000000"/>
  </frame>
  <frame idx="800" w="212" h="268" x="-2.249977" y="-64.749977">
   <element name="symbol0" layername="dream" frame="0" z_index="2" m_a="1.685841" m_b="0.000000" m_c="0.000000" m_d="1.588496" m_tx="-96.657082" m_ty="-153.705750"/>
   <element name="symbol0" layername="dream" frame="1" z_index="1" m_a="0.739797" m_b="-0.672830" m_c="0.672830" m_d="0.739797" m_tx="-32.000000" m_ty="-91.000000"/>
  </frame>
  <frame idx="825" w="212" h="268" x="-2.249977" y="-64.749977">
   <element name="symbol0" layername="dream" frame="0" z_index="2" m_a="1.685841" m_b="0.000000" m_c="0.000000" m_d="1.588496" m_tx="-96.657082" m_ty="-153.705750"/>
   <element name="symbol0" layername="dream" frame="1" z_index="1" m_a="0.841072" m_b="-0.540924" m_c="0.540924" m_d="0.841072" m_tx="-32.000000" m_ty="-91.000000"/>
  </frame>
  <frame idx="850" w="212" h="268" x="-2.249977" y="-64.749977">
   <element name="symbol0" layername="dream" frame="0" z_index="2" m_a="1.685841" m_b="0.000000" m_c="0.000000" m_d="1.588496" m_tx="-96.657082" m_ty="-153.705750"/>
   <element name="symbol0" layername="dream" frame="1" z_index="1" m_a="0.882386" m_b="-0.470526" m_c="0.470526" m_d="0.882386" m_tx="-32.000000" m_ty="-91.000000"/>
  </frame>
  <frame idx="875" w="212" h="268" x="-2.249977" y="-64.749977">
   <element name="symbol0" layername="dream" frame="0" z_index="2" m_a="1.685841" m_b="0.000000" m_c="0.000000" m_d="1.588496" m_tx="-96.657082" m_ty="-153.705750"/>
   <element name="symbol0" layername="dream" frame="1" z_index="1" m_a="0.917821" m_b="-0.396994" m_c="0.396994" m_d="0.917821" m_tx="-32.000000" m_ty="-91.000000"/>
  </frame>
  <frame idx="900" w="212" h="268" x="-2.249977" y="-64.749977">
   <element name="symbol0" layername="dream" frame="0" z_index="2" m_a="1.685841" m_b="0.000000" m_c="0.000000" m_d="1.588496" m_tx="-96.657082" m_ty="-153.705750"/>
   <element name="symbol0" layername="dream" frame="1" z_index="1" m_a="0.947141" m_b="-0.320817" m_c="0.320817" m_d="0.947141" m_tx="-32.000000" m_ty="-91.000000"/>
  </frame>
  <frame idx="925" w="212" h="268" x="-2.249977" y="-64.749977">
   <element name="symbol0" layername="dream" frame="0" z_index="2" m_a="1.685841" m_b="0.000000" m_c="0.000000" m_d="1.588496" m_tx="-96.657082" m_ty="-153.705750"/>
   <element name="symbol0" layername="dream" frame="1" z_index="1" m_a="0.970151" m_b="-0.242502" m_c="0.242502" m_d="0.970151" m_tx="-32.000000" m_ty="-91.000000"/>
  </frame>
  <frame idx="950" w="212" h="268" x="-2.249977" y="-64.749977">
   <element name="symbol0" layername="dream" frame="0" z_index="2" m_a="1.685841" m_b="0.000000" m_c="0.000000" m_d="1.588496" m_tx="-96.657082" m_ty="-153.705750"/>
   <element name="symbol0" layername="dream" frame="1" z_index="1" m_a="0.986697" m_b="-0.162571" m_c="0.162571" m_d="0.986697" m_tx="-32.000000" m_ty="-91.000000"/>
  </frame>
  <frame idx="975" w="212" h="268" x="-2.249977" y="-64.749977">
   <element name="symbol0" layername="dream" frame="0" z_index="2" m_a="1.685841" m_b="0.000000" m_c="0.000000" m_d="1.588496" m_tx="-96.657082" m_ty="-153.705750"/>
   <element name="symbol0" layername="dream" frame="1" z_index="1" m_a="0.996669" m_b="-0.081557" m_c="0.081557" m_d="0.996669" m_tx="-32.000000" m_ty="-91.000000"/>
  </frame>
 </anim>
</Anims>
