<Anims>
 <anim name="dream" root="ghostly_elixirs" numframes="1000" framerate="40">
  <frame idx="0" w="124" h="119" x="0.999954" y="4.999969">
   <element name="symbol0" layername="dream" frame="1" z_index="2" m_a="1.000000" m_b="0.000000" m_c="0.000000" m_d="1.000000" m_tx="-55.000046" m_ty="-51.000027"/>
   <element name="symbol0" layername="dream" frame="0" z_index="1" m_a="1.000000" m_b="0.000000" m_c="0.000000" m_d="1.000000" m_tx="-30.000004" m_ty="-25.999985"/>
  </frame>
  <frame idx="25" w="124" h="119" x="0.999954" y="4.999969">
   <element name="symbol0" layername="dream" frame="1" z_index="2" m_a="1.000000" m_b="0.000000" m_c="0.000000" m_d="1.000000" m_tx="-55.000046" m_ty="-51.000027"/>
   <element name="symbol0" layername="dream" frame="0" z_index="1" m_a="0.992680" m_b="-0.120776" m_c="0.120776" m_d="0.992680" m_tx="-32.301041" m_ty="-23.801571"/>
  </frame>
  <frame idx="50" w="124" h="119" x="0.999954" y="4.999969">
   <element name="symbol0" layername="dream" frame="1" z_index="2" m_a="1.000000" m_b="0.000000" m_c="0.000000" m_d="1.000000" m_tx="-55.000046" m_ty="-51.000027"/>
   <element name="symbol0" layername="dream" frame="0" z_index="1" m_a="0.970826" m_b="-0.239783" m_c="0.239783" m_d="0.970826" m_tx="-34.319717" m_ty="-21.341343"/>
  </frame>
  <frame idx="75" w="124" h="119" x="0.999954" y="4.999969">
   <element name="symbol0" layername="dream" frame="1" z_index="2" m_a="1.000000" m_b="0.000000" m_c="0.000000" m_d="1.000000" m_tx="-55.000046" m_ty="-51.000027"/>
   <element name="symbol0" layername="dream" frame="0" z_index="1" m_a="0.934760" m_b="-0.355280" m_c="0.355280" m_d="0.934760" m_tx="-36.026482" m_ty="-18.655315"/>
  </frame>
  <frame idx="100" w="124" h="119" x="0.999954" y="4.999969">
   <element name="symbol0" layername="dream" frame="1" z_index="2" m_a="1.000000" m_b="0.000000" m_c="0.000000" m_d="1.000000" m_tx="-55.000046" m_ty="-51.000027"/>
   <element name="symbol0" layername="dream" frame="0" z_index="1" m_a="0.885008" m_b="-0.465576" m_c="0.465576" m_d="0.885008" m_tx="-37.396347" m_ty="-15.782814"/>
  </frame>
  <frame idx="125" w="124" h="119" x="0.999954" y="4.999969">
   <element name="symbol0" layername="dream" frame="1" z_index="2" m_a="1.000000" m_b="0.000000" m_c="0.000000" m_d="1.000000" m_tx="-55.000046" m_ty="-51.000027"/>
   <element name="symbol0" layername="dream" frame="0" z_index="1" m_a="0.822299" m_b="-0.569055" m_c="0.569055" m_d="0.822299" m_tx="-38.409252" m_ty="-12.765894"/>
  </frame>
  <frame idx="150" w="124" h="119" x="0.999954" y="4.999969">
   <element name="symbol0" layername="dream" frame="1" z_index="2" m_a="1.000000" m_b="0.000000" m_c="0.000000" m_d="1.000000" m_tx="-55.000046" m_ty="-51.000027"/>
   <element name="symbol0" layername="dream" frame="0" z_index="1" m_a="0.747552" m_b="-0.664203" m_c="0.664203" m_d="0.747552" m_tx="-39.050377" m_ty="-9.648726"/>
  </frame>
  <frame idx="175" w="124" h="119" x="0.999954" y="4.999969">
   <element name="symbol0" layername="dream" frame="1" z_index="2" m_a="1.000000" m_b="0.000000" m_c="0.000000" m_d="1.000000" m_tx="-55.000046" m_ty="-51.000027"/>
   <element name="symbol0" layername="dream" frame="0" z_index="1" m_a="0.661860" m_b="-0.749627" m_c="0.749627" m_d="0.661860" m_tx="-39.310326" m_ty="-6.476942"/>
  </frame>
  <frame idx="200" w="124" h="119" x="0.999954" y="4.999969">
   <element name="symbol0" layername="dream" frame="1" z_index="2" m_a="1.000000" m_b="0.000000" m_c="0.000000" m_d="1.000000" m_tx="-55.000046" m_ty="-51.000027"/>
   <element name="symbol0" layername="dream" frame="0" z_index="1" m_a="0.566478" m_b="-0.824077" m_c="0.824077" m_d="0.566478" m_tx="-39.185303" m_ty="-3.296978"/>
  </frame>
  <frame idx="225" w="124" h="119" x="0.999954" y="4.999969">
   <element name="symbol0" layername="dream" frame="1" z_index="2" m_a="1.000000" m_b="0.000000" m_c="0.000000" m_d="1.000000" m_tx="-55.000046" m_ty="-51.000027"/>
   <element name="symbol0" layername="dream" frame="0" z_index="1" m_a="0.462803" m_b="-0.886461" m_c="0.886461" m_d="0.462803" m_tx="-38.677128" m_ty="-0.155397"/>
  </frame>
  <frame idx="250" w="124" h="119" x="0.999954" y="4.999969">
   <element name="symbol0" layername="dream" frame="1" z_index="2" m_a="1.000000" m_b="0.000000" m_c="0.000000" m_d="1.000000" m_tx="-55.000046" m_ty="-51.000027"/>
   <element name="symbol0" layername="dream" frame="0" z_index="1" m_a="0.352352" m_b="-0.935867" m_c="0.935867" m_d="0.352352" m_tx="-37.793247" m_ty="2.901817"/>
  </frame>
  <frame idx="275" w="124" h="119" x="0.999954" y="4.999969">
   <element name="symbol0" layername="dream" frame="1" z_index="2" m_a="1.000000" m_b="0.000000" m_c="0.000000" m_d="1.000000" m_tx="-55.000046" m_ty="-51.000027"/>
  </frame>
  <frame idx="300" w="124" h="119" x="0.999954" y="4.999969">
   <element name="symbol0" layername="dream" frame="1" z_index="2" m_a="1.000000" m_b="0.000000" m_c="0.000000" m_d="1.000000" m_tx="-55.000046" m_ty="-51.000027"/>
  </frame>
  <frame idx="325" w="124" h="119" x="0.999954" y="4.999969">
   <element name="symbol0" layername="dream" frame="1" z_index="2" m_a="1.000000" m_b="0.000000" m_c="0.000000" m_d="1.000000" m_tx="-55.000046" m_ty="-51.000027"/>
  </frame>
  <frame idx="350" w="124" h="119" x="0.999954" y="4.999969">
   <element name="symbol0" layername="dream" frame="1" z_index="2" m_a="1.000000" m_b="0.000000" m_c="0.000000" m_d="1.000000" m_tx="-55.000046" m_ty="-51.000027"/>
  </frame>
  <frame idx="375" w="124" h="119" x="0.999954" y="4.999969">
   <element name="symbol0" layername="dream" frame="1" z_index="2" m_a="1.000000" m_b="0.000000" m_c="0.000000" m_d="1.000000" m_tx="-55.000046" m_ty="-51.000027"/>
  </frame>
  <frame idx="400" w="124" h="119" x="0.999954" y="4.999969">
   <element name="symbol0" layername="dream" frame="1" z_index="2" m_a="1.000000" m_b="0.000000" m_c="0.000000" m_d="1.000000" m_tx="-55.000046" m_ty="-51.000027"/>
  </frame>
  <frame idx="425" w="124" h="119" x="0.999954" y="4.999969">
   <element name="symbol0" layername="dream" frame="1" z_index="2" m_a="1.000000" m_b="0.000000" m_c="0.000000" m_d="1.000000" m_tx="-55.000046" m_ty="-51.000027"/>
  </frame>
  <frame idx="450" w="124" h="119" x="0.999954" y="4.999969">
   <element name="symbol0" layername="dream" frame="1" z_index="2" m_a="1.000000" m_b="0.000000" m_c="0.000000" m_d="1.000000" m_tx="-55.000046" m_ty="-51.000027"/>
  </frame>
  <frame idx="475" w="124" h="119" x="0.999954" y="4.999969">
   <element name="symbol0" layername="dream" frame="1" z_index="2" m_a="1.000000" m_b="0.000000" m_c="0.000000" m_d="1.000000" m_tx="-55.000046" m_ty="-51.000027"/>
  </frame>
  <frame idx="500" w="124" h="119" x="0.999954" y="4.999969">
   <element name="symbol0" layername="dream" frame="1" z_index="2" m_a="1.000000" m_b="0.000000" m_c="0.000000" m_d="1.000000" m_tx="-55.000046" m_ty="-51.000027"/>
  </frame>
  <frame idx="525" w="124" h="119" x="0.999954" y="4.999969">
   <element name="symbol0" layername="dream" frame="1" z_index="2" m_a="1.000000" m_b="0.000000" m_c="0.000000" m_d="1.000000" m_tx="-55.000046" m_ty="-51.000027"/>
  </frame>
  <frame idx="550" w="124" h="119" x="0.999954" y="4.999969">
   <element name="symbol0" layername="dream" frame="1" z_index="2" m_a="1.000000" m_b="0.000000" m_c="0.000000" m_d="1.000000" m_tx="-55.000046" m_ty="-51.000027"/>
  </frame>
  <frame idx="575" w="124" h="119" x="0.999954" y="4.999969">
   <element name="symbol0" layername="dream" frame="1" z_index="2" m_a="1.000000" m_b="0.000000" m_c="0.000000" m_d="1.000000" m_tx="-55.000046" m_ty="-51.000027"/>
  </frame>
  <frame idx="600" w="124" h="119" x="0.999954" y="4.999969">
   <element name="symbol0" layername="dream" frame="1" z_index="2" m_a="1.000000" m_b="0.000000" m_c="0.000000" m_d="1.000000" m_tx="-55.000046" m_ty="-51.000027"/>
  </frame>
  <frame idx="625" w="124" h="119" x="0.999954" y="4.999969">
   <element name="symbol0" layername="dream" frame="1" z_index="2" m_a="1.000000" m_b="0.000000" m_c="0.000000" m_d="1.000000" m_tx="-55.000046" m_ty="-51.000027"/>
  </frame>
  <frame idx="650" w="124" h="119" x="0.999954" y="4.999969">
   <element name="symbol0" layername="dream" frame="1" z_index="2" m_a="1.000000" m_b="0.000000" m_c="0.000000" m_d="1.000000" m_tx="-55.000046" m_ty="-51.000027"/>
  </frame>
  <frame idx="675" w="124" h="119" x="0.999954" y="4.999969">
   <element name="symbol0" layername="dream" frame="1" z_index="2" m_a="1.000000" m_b="0.000000" m_c="0.000000" m_d="1.000000" m_tx="-55.000046" m_ty="-51.000027"/>
  </frame>
  <frame idx="700" w="124" h="119" x="0.999954" y="4.999969">
   <element name="symbol0" layername="dream" frame="1" z_index="2" m_a="1.000000" m_b="0.000000" m_c="0.000000" m_d="1.000000" m_tx="-55.000046" m_ty="-51.000027"/>
  </frame>
  <frame idx="725" w="124" h="119" x="0.999954" y="4.999969">
   <element name="symbol0" layername="dream" frame="1" z_index="2" m_a="1.000000" m_b="0.000000" m_c="0.000000" m_d="1.000000" m_tx="-55.000046" m_ty="-51.000027"/>
  </frame>
  <frame idx="750" w="124" h="119" x="0.999954" y="4.999969">
   <element name="symbol0" layername="dream" frame="1" z_index="2" m_a="1.000000" m_b="0.000000" m_c="0.000000" m_d="1.000000" m_tx="-55.000046" m_ty="-51.000027"/>
   <element name="symbol0" layername="dream" frame="0" z_index="1" m_a="-0.091458" m_b="0.995809" m_c="-0.995809" m_d="-0.091458" m_tx="8.954443" m_ty="-20.995861"/>
  </frame>
  <frame idx="775" w="124" h="119" x="0.999954" y="4.999969">
   <element name="symbol0" layername="dream" frame="1" z_index="2" m_a="1.000000" m_b="0.000000" m_c="0.000000" m_d="1.000000" m_tx="-55.000046" m_ty="-51.000027"/>
   <element name="symbol0" layername="dream" frame="0" z_index="1" m_a="0.074583" m_b="0.997215" m_c="-0.997215" m_d="0.074583" m_tx="6.120602" m_ty="-24.354103"/>
  </frame>
  <frame idx="800" w="124" h="119" x="0.999954" y="4.999969">
   <element name="symbol0" layername="dream" frame="1" z_index="2" m_a="1.000000" m_b="0.000000" m_c="0.000000" m_d="1.000000" m_tx="-55.000046" m_ty="-51.000027"/>
   <element name="symbol0" layername="dream" frame="0" z_index="1" m_a="0.238568" m_b="0.971126" m_c="-0.971126" m_d="0.238568" m_tx="2.769542" m_ty="-27.204052"/>
  </frame>
  <frame idx="825" w="124" h="119" x="0.999954" y="4.999969">
   <element name="symbol0" layername="dream" frame="1" z_index="2" m_a="1.000000" m_b="0.000000" m_c="0.000000" m_d="1.000000" m_tx="-55.000046" m_ty="-51.000027"/>
   <element name="symbol0" layername="dream" frame="0" z_index="1" m_a="0.395974" m_b="0.918262" m_c="-0.918262" m_d="0.395974" m_tx="-1.007492" m_ty="-29.467121"/>
  </frame>
  <frame idx="850" w="124" h="119" x="0.999954" y="4.999969">
   <element name="symbol0" layername="dream" frame="1" z_index="2" m_a="1.000000" m_b="0.000000" m_c="0.000000" m_d="1.000000" m_tx="-55.000046" m_ty="-51.000027"/>
   <element name="symbol0" layername="dream" frame="0" z_index="1" m_a="0.542464" m_b="0.840079" m_c="-0.840079" m_d="0.542464" m_tx="-5.107509" m_ty="-31.080912"/>
  </frame>
  <frame idx="875" w="124" h="119" x="0.999954" y="4.999969">
   <element name="symbol0" layername="dream" frame="1" z_index="2" m_a="1.000000" m_b="0.000000" m_c="0.000000" m_d="1.000000" m_tx="-55.000046" m_ty="-51.000027"/>
   <element name="symbol0" layername="dream" frame="0" z_index="1" m_a="0.673996" m_b="0.738735" m_c="-0.738735" m_d="0.673996" m_tx="-9.418611" m_ty="-32.000931"/>
  </frame>
  <frame idx="900" w="124" h="119" x="0.999954" y="4.999969">
   <element name="symbol0" layername="dream" frame="1" z_index="2" m_a="1.000000" m_b="0.000000" m_c="0.000000" m_d="1.000000" m_tx="-55.000046" m_ty="-51.000027"/>
   <element name="symbol0" layername="dream" frame="0" z_index="1" m_a="0.786946" m_b="0.617022" m_c="-0.617022" m_d="0.786946" m_tx="-13.823119" m_ty="-32.201813"/>
  </frame>
  <frame idx="925" w="124" h="119" x="0.999954" y="4.999969">
   <element name="symbol0" layername="dream" frame="1" z_index="2" m_a="1.000000" m_b="0.000000" m_c="0.000000" m_d="1.000000" m_tx="-55.000046" m_ty="-51.000027"/>
   <element name="symbol0" layername="dream" frame="0" z_index="1" m_a="0.878198" m_b="0.478297" m_c="-0.478297" m_d="0.878198" m_tx="-18.200701" m_ty="-31.678026"/>
  </frame>
  <frame idx="950" w="124" h="119" x="0.999954" y="4.999969">
   <element name="symbol0" layername="dream" frame="1" z_index="2" m_a="1.000000" m_b="0.000000" m_c="0.000000" m_d="1.000000" m_tx="-55.000046" m_ty="-51.000027"/>
   <element name="symbol0" layername="dream" frame="0" z_index="1" m_a="0.945237" m_b="0.326385" m_c="-0.326385" m_d="0.945237" m_tx="-22.431850" m_ty="-30.443998"/>
  </frame>
  <frame idx="975" w="124" h="119" x="0.999954" y="4.999969">
   <element name="symbol0" layername="dream" frame="1" z_index="2" m_a="1.000000" m_b="0.000000" m_c="0.000000" m_d="1.000000" m_tx="-55.000046" m_ty="-51.000027"/>
   <element name="symbol0" layername="dream" frame="0" z_index="1" m_a="0.986214" m_b="0.165473" m_c="-0.165473" m_d="0.986214" m_tx="-26.401058" m_ty="-28.533756"/>
  </frame>
 </anim>
</Anims>
